rank,etf_code,etf_name,n_stocks,n_covered,coverage,rev_growth_2026,rev_growth_2027,rev_growth_2028,op_growth_2026,op_growth_2027,op_growth_2028,fwd_per,fwd_pbr,fwd_roe,composite_score
1,364960,TIGER BBIG,13,12,99.9,35.05,29.86,9.73,2045.69,27.71,10.75,43.26,5.06,6.45,60.57
2,0101N0,RISE AI전력인프라,16,11,67.3,22.58,15.67,15.49,1656.94,29.92,27.7,58.79,3.49,10.59,54.78
3,377990,TIGER Fn신재생에너지,22,17,96.3,26.71,16.07,14.14,1315.18,34.74,27.68,51.62,3.14,7.53,50.36
4,305720,KODEX 2차전지산업,26,19,90.0,17.75,25.03,16.37,386.05,227.72,56.49,156.71,4.7,-7.0,45.9
5,385510,KODEX 신재생에너지액티브,84,66,85.0,29.09,18.4,14.94,1025.6,49.78,33.38,110.03,3.55,1.93,44.91
6,232080,TIGER 코스닥150,151,95,70.2,47.17,79.61,36.94,525.48,-31.71,708.6,205.77,9.47,9.43,44.03
7,364980,TIGER 2차전지TOP10,11,9,95.2,14.27,25.3,16.2,97.52,216.32,53.77,77.23,3.46,-5.63,44.0
8,261070,TIGER 코스닥150바이오테크,26,15,65.9,92.15,86.1,43.77,116.03,-43.41,1081.43,259.12,22.37,10.46,43.75
9,270810,RISE 코스닥150,150,95,70.2,47.4,79.49,36.48,522.19,-31.22,699.15,206.93,9.48,9.44,43.75
10,0209D0,KODEX 전고체배터리ESS TOP2플러스,11,10,97.4,23.32,35.96,27.52,1068.76,145.81,84.1,344.96,4.83,-4.94,43.71
11,354500,ACE 코스닥150,153,95,69.9,47.15,79.71,36.61,522.75,-30.31,702.62,211.97,9.45,9.42,43.7
12,229200,KODEX 코스닥150,150,95,70.3,47.25,79.63,36.71,524.09,-30.45,702.32,212.02,9.46,9.46,43.7
13,316670,KIWOOM 코스닥150,150,95,70.3,47.26,80.18,36.21,518.38,-29.28,702.21,217.63,9.47,9.51,43.46
14,0198A0,KIWOOM 코스닥150커버드콜액티브,152,95,55.6,47.25,80.4,35.83,525.87,-28.7,699.47,222.9,9.46,9.48,43.34
15,305540,TIGER 2차전지테마,30,21,92.2,17.53,25.85,16.77,152.49,227.9,56.72,188.06,4.43,-7.6,41.24
16,494330,ACE 라이프자산주주가치액티브,27,22,67.7,55.15,21.56,2.54,649.17,15.39,3.54,20.52,1.48,12.28,39.98
17,0222D0,KoAct 고배당액티브,49,44,95.9,12.34,3.55,3.68,644.97,5.94,6.19,10.15,0.78,10.56,39.77
18,388420,RISE 비메모리반도체액티브,18,18,100.0,56.19,26.23,11.65,581.87,35.94,16.91,54.63,3.02,12.21,39.3
19,471780,TIGER 코리아테크액티브,20,19,98.4,86.18,28.82,9.28,524.6,36.89,11.75,44.58,2.45,17.1,38.8
20,0210A0,ACE K반도체TOP2+,11,9,98.3,69.48,22.96,17.15,389.3,30.3,11.96,33.6,1.64,18.93,36.82
21,469150,ACE AI반도체TOP3+,21,17,71.3,117.53,32.41,5.52,411.19,34.75,5.05,46.15,2.3,20.9,36.77
22,0005G0,IBK K-AI반도체코어테크,21,13,82.8,87.15,25.95,10.18,337.37,38.29,16.14,37.62,2.58,17.03,36.52
23,395160,KODEX AI반도체TOP2플러스,16,13,96.6,72.69,22.63,17.93,362.27,29.46,12.13,33.22,1.58,24.98,36.38
24,0182R0,1Q K반도체TOP2+,11,9,97.7,83.31,24.07,16.41,360.6,30.33,11.06,34.33,1.47,24.85,36.35
25,472150,TIGER 배당커버드콜액티브,87,71,77.6,111.7,26.8,6.36,371.87,29.68,6.09,35.09,1.71,21.04,36.33
26,0219E0,KODEX 200커버드콜액티브,112,104,84.9,110.06,26.0,6.78,373.29,29.67,6.87,36.5,1.7,20.66,36.31
27,395270,HANARO Fn K-반도체,21,18,96.7,76.99,23.39,17.16,357.75,29.74,11.45,34.13,1.65,24.66,36.28
28,069660,KIWOOM 200,189,169,98.1,105.57,25.45,7.18,371.93,29.47,7.05,37.96,1.67,20.14,36.22
29,448100,WON 200,191,171,98.8,105.45,25.41,7.19,374.09,29.43,7.05,39.25,1.67,20.03,36.2
30,0167B0,SOL 200타겟위클리커버드콜,199,174,98.3,105.67,25.47,7.19,371.63,29.59,7.1,38.93,1.68,20.17,36.19
31,294400,KIWOOM 200TR,196,173,98.5,105.52,25.45,7.2,371.63,29.48,7.07,39.23,1.68,20.16,36.17
32,332500,ACE 200TR,195,172,97.3,105.4,25.43,7.21,372.12,29.48,7.08,39.32,1.68,20.16,36.17
33,310960,TIGER 200TR,194,172,98.4,105.52,25.45,7.2,371.73,29.46,7.06,39.22,1.68,20.15,36.17
34,0104N0,TIGER 200타겟위클리커버드콜,197,173,97.5,105.61,25.47,7.19,372.0,29.47,7.05,39.2,1.68,20.16,36.17
35,152100,PLUS 200,196,173,98.3,105.52,25.45,7.2,371.75,29.47,7.06,39.26,1.68,20.14,36.17
36,105190,ACE 200,195,172,96.6,105.45,25.44,7.2,372.21,29.5,7.07,39.31,1.68,20.16,36.17
37,0007N0,아이엠에셋 200,196,173,98.6,105.48,25.45,7.2,371.8,29.54,7.08,39.31,1.68,20.13,36.17
38,361580,RISE 200TR,196,173,98.7,105.56,25.46,7.19,371.93,29.46,7.04,39.21,1.68,20.16,36.17
39,332930,HANARO 200TR,196,173,98.6,105.54,25.45,7.2,371.7,29.47,7.06,39.24,1.68,20.16,36.17
40,491220,PLUS 200TR,195,173,98.3,105.57,25.46,7.19,371.88,29.49,7.07,39.26,1.68,20.15,36.17
41,434960,DAISHIN K200,196,173,98.5,105.66,25.48,7.19,372.21,29.5,7.05,39.37,1.68,20.16,36.17
42,278530,KODEX 200TR,196,173,98.7,105.5,25.45,7.2,371.73,29.47,7.06,39.33,1.68,20.14,36.16
43,152870,파워 200,196,173,98.5,105.48,25.45,7.19,371.58,29.47,7.07,39.31,1.68,20.14,36.16
44,295040,SOL 200TR,194,173,92.8,105.4,25.43,7.2,371.45,29.46,7.07,39.39,1.68,20.14,36.16
45,293180,HANARO 200,196,173,97.9,105.47,25.44,7.2,371.59,29.47,7.06,39.29,1.68,20.14,36.16
46,451060,1Q 200액티브,195,173,98.7,105.4,25.43,7.21,371.31,29.44,7.07,39.3,1.68,20.14,36.16
47,0098Z0,FOCUS 200,194,173,97.7,105.46,25.43,7.19,371.28,29.46,7.07,39.26,1.68,20.13,36.16
48,148020,RISE 200,196,173,98.7,105.44,25.45,7.19,371.55,29.46,7.06,39.3,1.68,20.13,36.16
49,102110,TIGER 200,196,173,98.2,105.51,25.45,7.2,371.61,29.47,7.06,39.27,1.68,20.15,36.16
50,069500,KODEX 200,197,173,98.7,105.51,25.45,7.18,371.79,29.46,7.04,39.29,1.68,20.14,36.16
51,498400,KODEX 200타겟위클리커버드콜,195,173,84.3,105.34,25.43,7.21,372.19,29.43,7.06,39.42,1.68,20.14,36.16
52,491700,HK 200,196,173,97.3,105.49,25.44,7.2,371.44,29.49,7.06,39.31,1.68,20.14,36.16
53,494890,KODEX 200액티브,189,169,98.8,104.6,25.35,7.35,368.49,29.25,7.12,38.34,1.68,20.07,36.14
54,476260,HANARO 반도체핵심공정주도주,21,19,95.2,48.55,37.7,23.97,337.58,54.81,27.89,82.01,2.56,12.37,36.12
55,0210E0,PLUS 200커버드콜액티브,189,171,98.7,103.69,25.11,7.33,367.05,29.46,7.23,39.11,1.68,20.02,36.11
56,292190,KODEX KRX300,300,241,97.1,103.34,26.05,7.33,372.41,28.86,9.43,41.34,1.96,19.72,36.11
57,122090,PLUS 코스피50,51,47,99.1,118.37,26.34,6.92,366.03,29.69,6.04,39.05,1.53,22.36,36.08
58,474590,WON 반도체밸류체인액티브,19,18,97.0,80.74,28.16,10.0,327.96,36.33,15.11,42.65,2.7,14.94,36.03
59,237350,KODEX 코스피100,101,93,98.7,109.87,25.68,7.05,359.86,29.61,6.7,39.91,1.66,21.19,35.97
60,475720,RISE 200위클리커버드콜,196,173,88.6,101.96,24.8,7.44,359.55,29.27,7.41,39.59,1.69,19.94,35.97
61,0177R0,TIGER 반도체TOP10커버드콜액티브,16,13,89.1,87.21,24.23,15.05,339.21,29.64,9.69,37.49,1.63,24.33,35.83
62,138530,TIGER LG그룹플러스,21,17,98.7,5.47,6.08,4.92,32.81,85.18,20.41,24.34,0.94,2.78,35.75
63,396500,TIGER 반도체TOP10,11,9,92.7,79.28,25.61,19.07,361.35,24.41,6.38,37.4,1.95,25.74,35.74
64,266370,KODEX IT,21,18,94.1,73.01,23.38,8.51,267.61,37.62,15.35,29.79,1.92,13.99,35.74
65,403790,MIDAS 코스피액티브,313,195,92.3,97.47,24.24,7.02,352.26,27.37,6.33,39.74,1.49,18.75,35.71
66,401470,KODEX 메타버스액티브,30,26,97.5,37.22,16.01,5.53,356.68,21.34,6.5,31.54,1.89,11.85,35.7
67,0193G0,KoAct 코스피액티브,49,47,97.1,91.73,23.18,9.63,355.09,26.76,9.14,42.23,2.09,19.95,35.67
68,0240J0,RISE 삼성SK그룹,11,10,98.8,79.47,21.16,13.41,319.8,25.17,8.35,26.18,1.25,20.43,35.67
69,367760,RISE 네트워크인프라,24,17,95.4,82.44,25.2,9.46,266.99,37.81,15.61,32.19,2.27,16.31,35.65
70,0167A0,SOL AI반도체TOP2플러스,11,10,99.4,78.69,24.49,15.28,327.3,31.7,12.64,42.94,1.88,22.41,35.64
71,337160,KODEX 200ESG,112,104,98.7,98.75,23.86,8.11,346.15,25.39,7.0,37.62,1.5,19.23,35.59
72,421320,PLUS 우주항공,16,12,89.7,44.08,14.34,9.76,120.06,64.13,25.68,29.79,3.7,9.31,35.56
73,277640,TIGER 코스피대형주,101,95,98.5,98.92,23.96,7.56,343.21,29.13,7.51,46.24,1.8,19.66,35.46
74,337140,KODEX 코스피대형주,101,95,97.8,98.98,23.97,7.58,343.57,29.15,7.51,46.36,1.8,19.67,35.46
75,275300,KODEX 우량주,113,99,97.6,85.02,22.61,10.66,300.56,27.04,8.75,29.14,2.13,22.74,35.4
76,385720,TIME 코스피액티브,42,39,96.2,96.87,26.43,8.62,312.5,29.22,9.7,38.23,2.57,19.1,35.38
77,363580,KODEX 200IT TR,17,14,97.4,60.34,21.02,16.96,281.68,28.07,12.92,28.36,1.39,21.68,35.32
78,139260,TIGER 200 IT,17,14,97.1,60.37,21.02,16.96,281.74,28.05,12.9,28.36,1.39,21.7,35.32
79,476850,KoAct 배당성장액티브,64,57,92.5,92.84,23.27,7.7,327.8,29.05,8.65,45.8,1.81,19.38,35.27
80,315960,RISE 대형고배당10TR,11,10,100.0,126.02,25.54,3.45,298.91,18.49,3.16,18.19,1.15,18.75,35.12
81,290130,RISE ESG사회책임투자,127,100,99.3,107.48,25.85,8.65,360.8,28.86,7.18,61.42,1.52,21.74,35.09
82,325010,KODEX 성장주,288,209,94.6,93.65,26.62,10.69,343.1,30.79,15.42,64.26,2.73,21.25,35.03
83,292150,TIGER 코리아TOP10,11,10,99.3,96.54,20.79,6.47,279.43,26.45,10.22,32.07,1.33,17.94,34.97
84,457990,PLUS 태양광&ESS,10,9,94.1,27.95,11.26,10.49,272.38,53.8,34.09,89.2,2.94,-0.1,34.95
85,359210,KODEX 코스피TR,409,275,96.3,94.22,23.8,7.65,338.67,29.16,7.77,58.42,1.8,18.8,34.92
86,226490,KODEX 코스피,392,267,95.9,94.27,23.81,7.59,339.27,29.08,7.68,58.39,1.78,18.8,34.92
87,277630,TIGER 코스피,403,271,95.2,94.26,23.81,7.63,338.82,29.23,7.77,58.59,1.8,18.87,34.92
88,302450,RISE 코스피,390,263,96.4,94.28,23.79,7.63,338.66,29.17,7.78,58.41,1.8,18.87,34.92
89,365040,TIGER AI코리아그로스액티브,219,181,96.3,92.81,23.73,7.81,362.95,30.97,8.44,71.06,1.66,18.81,34.91
90,0151P0,RISE 코리아전략산업액티브,16,15,100.0,83.68,23.67,11.47,323.52,32.28,12.56,61.24,1.54,19.88,34.9
91,385590,ACE ESG액티브,26,25,96.6,72.02,18.89,10.94,274.33,29.15,11.54,37.58,1.41,16.55,34.88
92,328370,PLUS 코스피TR,384,263,95.8,93.21,23.61,7.7,340.18,29.2,7.88,60.53,1.8,18.67,34.86
93,315930,KODEX Top5PlusTR,10,10,100.0,107.96,21.67,3.97,277.74,17.91,4.15,19.09,1.14,17.88,34.76
94,0000J0,PLUS 한화그룹주,13,7,86.0,16.4,14.76,10.15,119.48,43.28,22.86,14.42,1.54,12.56,34.72
95,326240,RISE IT플러스,125,92,92.8,53.62,19.97,16.54,326.77,28.81,13.62,66.44,2.22,13.91,34.54
96,463250,TIGER K방산&우주,11,10,99.5,23.71,16.31,9.65,66.36,52.38,20.6,16.01,2.13,15.97,34.42
97,0080G0,KODEX 방산TOP10,10,10,100.0,24.96,16.46,9.64,61.56,51.45,20.2,15.56,2.18,16.17,34.3
98,0093A0,RISE AI반도체TOP10,10,7,69.6,65.91,29.33,20.08,259.35,31.94,14.05,53.01,1.87,19.36,34.29
99,157490,TIGER 소프트웨어,24,15,93.8,17.42,9.23,7.37,269.45,16.85,8.2,32.72,1.88,8.55,34.12
100,441800,TIME Korea플러스배당액티브,37,33,90.5,84.6,20.91,6.1,221.77,17.62,5.17,15.01,1.03,17.59,34.1
101,495230,KoAct 코리아밸류업액티브,57,53,96.8,86.47,22.14,7.96,255.98,21.72,6.54,36.99,1.78,20.36,34.03
102,102780,KODEX 삼성그룹,17,15,98.7,36.64,12.39,10.71,201.59,24.14,15.24,26.4,1.61,8.2,34.02
103,495550,SOL 코리아밸류업TR,100,86,97.0,79.04,21.49,10.72,238.04,18.88,5.37,25.58,1.71,21.85,34.01
104,495850,KODEX 코리아밸류업,101,86,96.8,79.1,21.5,10.75,238.4,18.87,5.37,25.63,1.7,21.86,34.01
105,495050,RISE 코리아밸류업,101,86,96.9,78.97,21.48,10.76,238.3,18.86,5.38,25.54,1.71,21.84,34.01
106,495750,HANARO 코리아밸류업,101,86,96.4,78.94,21.48,10.77,238.21,18.86,5.37,25.67,1.71,21.86,34.01
107,0094M0,RISE 코리아밸류업위클리고정커버드콜,101,86,94.5,78.77,21.45,10.77,237.96,18.84,5.38,25.46,1.7,21.83,34.01
108,495040,PLUS 코리아밸류업,101,86,96.5,79.0,21.48,10.75,238.22,18.86,5.37,25.7,1.71,21.86,34.01
109,495330,1Q 코리아밸류업,101,87,96.8,79.07,21.51,10.75,238.39,18.88,5.37,25.61,1.7,21.87,34.01
110,496080,TIGER 코리아밸류업,101,86,96.2,78.98,21.49,10.77,238.08,18.85,5.38,25.59,1.7,21.85,34.01
111,496090,KIWOOM 코리아밸류업,101,86,96.4,78.82,21.45,10.75,237.69,18.84,5.38,25.55,1.7,21.83,34.0
112,228800,TIGER 여행레저,18,11,71.6,9.67,,,149.33,,,14.48,2.93,4.06,33.94
113,494220,UNICORN SK하이닉스밸류체인액티브,21,19,97.1,57.1,24.41,19.74,246.97,25.82,8.49,45.65,1.92,22.03,33.87
114,266160,RISE 고배당,80,64,97.0,113.34,25.88,3.38,289.3,20.07,3.57,49.1,1.17,19.33,33.87
115,213610,KODEX 삼성그룹밸류,17,15,97.9,33.19,11.32,9.77,225.67,16.05,11.06,23.65,1.62,8.82,33.85
116,471760,TIGER AI반도체핵심공정,19,17,99.0,29.87,20.48,14.67,146.12,37.92,24.4,38.22,3.13,11.22,33.85
117,0074K0,KoAct K수출핵심기업TOP30액티브,37,33,89.4,49.28,18.8,11.05,202.76,34.35,22.03,54.91,4.94,12.73,33.73
118,108450,ACE 삼성그룹섹터가중,17,15,98.8,33.11,11.21,10.56,197.91,20.22,15.3,25.94,1.69,9.06,33.72
119,455860,SOL 2차전지소부장Fn,20,17,84.5,17.19,25.64,16.89,89.65,221.63,57.32,347.48,6.55,-9.49,33.59
120,444200,SOL 코리아메가테크액티브,33,32,99.6,72.77,18.82,7.52,260.68,29.44,12.76,67.05,1.74,17.51,33.56
121,138520,TIGER 삼성그룹,17,15,98.4,33.78,9.97,8.23,196.49,16.8,10.68,22.3,1.47,7.81,33.52
122,0166S0,PLUS K제조업핵심기업액티브,37,35,96.1,94.88,28.77,8.2,481.46,33.39,8.39,154.17,2.27,18.21,33.51
123,455850,SOL AI반도체소부장,21,19,84.1,32.24,25.78,17.13,181.03,31.65,22.14,49.85,3.94,7.29,33.44
124,449450,PLUS K방산,11,10,99.9,20.39,14.9,9.57,54.91,39.28,21.08,17.7,2.08,18.43,33.34
125,471990,KODEX AI반도체핵심장비,19,17,81.7,31.79,28.31,17.68,265.66,33.02,21.21,88.29,4.29,10.36,33.22
126,0228G0,ACE 반도체Plus전략산업,10,10,100.0,87.99,23.14,6.59,288.5,34.3,12.94,98.31,1.83,20.67,33.05
127,475050,ACE KPOP포커스,11,7,97.1,22.01,,,133.8,,,32.35,4.28,18.05,33.01
128,0115E0,KODEX 코리아소버린AI,29,23,86.0,31.16,12.83,7.42,168.09,21.27,11.24,32.93,1.52,12.16,32.98
129,0141S0,SOL 조선기자재,10,10,100.0,18.05,22.26,14.43,47.43,36.66,20.98,20.59,4.91,29.25,32.94
130,491820,HANARO 전력설비투자,14,9,90.4,19.42,17.03,15.58,41.15,30.21,25.59,15.67,2.57,20.7,32.72
131,0117V0,TIGER 코리아AI전력기기TOP3플러스,11,8,90.0,19.59,17.4,15.43,41.05,31.72,24.86,17.88,2.38,23.27,32.72
132,487240,KODEX AI전력핵심설비,13,9,92.0,19.42,17.02,15.59,41.11,30.14,25.63,15.74,2.59,20.61,32.72
133,445290,KODEX 로봇액티브,33,20,71.3,39.07,10.79,4.97,149.23,16.48,10.98,30.77,2.28,8.03,32.47
134,0199C0,ACE 고배당주Plus커버드콜액티브,21,18,89.6,71.08,27.5,3.36,120.69,11.67,4.8,8.97,0.78,14.63,32.46
135,465330,RISE 2차전지TOP10,11,9,87.1,20.05,35.78,24.14,220.38,101.53,61.16,229.39,5.67,-10.64,32.39
136,117700,KODEX 건설,17,13,92.8,2.13,8.88,7.0,52.73,23.47,16.22,14.53,1.13,3.6,32.28
137,228810,TIGER 미디어컨텐츠,13,9,85.5,18.78,,,79.62,,,32.29,3.12,17.26,32.21
138,454320,HANARO CAPEX설비투자iSelect,20,18,96.8,26.2,13.6,12.32,62.36,30.55,24.03,40.64,2.56,13.22,32.03
139,495060,TIME 코리아밸류업액티브,47,43,96.1,84.65,23.07,10.99,258.62,21.56,6.87,92.02,1.81,21.92,31.89
140,0148J0,TIGER 코리아휴머노이드로봇산업,16,4,35.1,35.23,,,98.94,,,48.67,3.61,5.79,31.85
141,139220,TIGER 200 건설,11,10,99.8,4.68,8.94,6.67,38.3,19.71,13.24,13.07,1.08,6.11,31.81
142,0091P0,TIGER 코리아원자력,17,10,89.4,1.62,7.93,9.78,59.77,37.01,29.18,62.07,1.28,2.9,31.69
143,475300,SOL 반도체전공정,11,10,99.7,31.9,15.92,13.65,91.49,24.94,23.93,52.56,4.02,12.79,31.61
144,0168K0,TIGER 기술이전바이오액티브,33,20,72.1,48.17,44.78,37.47,81.21,-152.29,690.43,144.13,12.87,2.05,31.6
145,466930,SOL 자동차TOP3플러스,14,13,99.6,12.94,6.5,5.8,60.5,16.1,11.29,19.67,0.9,9.02,31.59
146,0098F0,KODEX 원자력SMR,14,11,93.9,5.08,7.78,9.21,61.77,33.51,26.14,60.69,1.65,4.93,31.47
147,0190G0,KODEX 반도체타겟위클리커버드콜,22,18,83.2,82.64,30.08,5.32,417.73,31.84,3.82,176.93,2.86,16.34,31.46
148,364970,TIGER 바이오TOP10,10,7,87.3,53.28,40.06,12.77,80.41,36.08,17.88,67.44,14.31,19.59,31.45
149,0092B0,SOL 한국원자력SMR,13,11,95.4,7.7,6.81,8.23,70.39,30.48,21.64,58.99,1.54,9.81,31.36
150,091230,TIGER 반도체,22,18,83.6,81.37,29.96,5.34,417.64,31.75,3.85,180.84,2.87,16.14,31.3
151,138540,TIGER 현대차그룹플러스,21,18,99.4,8.73,5.94,5.3,30.85,14.65,9.65,12.81,0.86,10.58,31.29
152,091160,KODEX 반도체,22,18,83.4,81.27,29.93,5.35,417.29,31.74,3.86,181.83,2.87,16.14,31.25
153,325020,KODEX 배당가치,150,113,96.9,33.14,6.12,4.93,173.65,9.06,5.32,57.75,0.94,9.99,31.14
154,469070,RISE AI&로봇,36,11,48.5,16.44,5.89,4.99,53.08,12.37,12.3,27.81,3.15,1.58,30.94
155,433500,ACE 원자력TOP10,11,9,92.2,5.82,8.24,10.16,52.31,34.72,27.53,73.51,1.46,7.37,30.93
156,434730,HANARO 원자력iSelect,16,13,97.5,10.96,11.81,12.11,43.29,32.94,24.52,65.83,1.82,15.03,30.92
157,0177X0,ACE K휴머노이드로봇산업TOP2+,15,9,72.5,22.34,4.76,4.59,66.2,11.53,7.58,29.11,2.32,5.33,30.91
158,490480,SOL K방산,11,10,100.0,22.91,12.5,8.63,61.49,33.22,18.39,70.18,2.13,17.07,30.89
159,0190C0,RISE 현대차고정피지컬AI,16,12,86.8,10.52,5.07,4.67,28.79,11.31,7.62,15.62,1.38,8.98,30.89
160,091180,KODEX 자동차,19,15,94.8,6.62,5.33,4.77,13.79,11.33,7.57,11.92,0.71,8.79,30.81
161,211560,TIGER 배당성장,51,47,93.4,7.91,6.45,5.88,15.1,7.9,7.64,9.23,0.71,10.2,30.71
162,211900,KODEX 코리아배당성장,51,47,93.7,7.9,6.48,5.9,15.1,7.91,7.65,9.25,0.71,10.2,30.71
163,0105E0,SOL 코리아고배당,31,24,84.2,6.66,4.8,4.43,13.44,7.21,6.21,6.65,0.64,9.49,30.71
164,462900,KoAct 바이오헬스케어액티브,24,19,89.7,49.88,51.42,24.27,73.92,-93.61,473.81,136.6,12.16,0.65,30.64
165,161510,PLUS 고배당주,31,29,97.3,6.99,3.75,3.78,15.05,5.65,6.43,7.52,0.63,10.54,30.61
166,489030,PLUS 고배당주위클리커버드콜,31,29,90.8,6.98,3.75,3.78,15.05,5.65,6.43,7.52,0.63,10.54,30.61
167,0018C0,PLUS 고배당주위클리고정커버드콜,31,29,92.7,6.98,3.75,3.78,15.05,5.64,6.43,7.51,0.63,10.54,30.6
168,210780,TIGER 코스피고배당,51,40,76.4,5.14,3.07,3.14,13.45,5.62,5.43,6.68,0.61,8.96,30.59
169,367770,RISE 수소경제테마,33,22,97.7,10.65,11.28,10.66,54.54,34.24,23.23,79.77,1.54,8.34,30.59
170,0163Y0,KoAct 코스닥액티브,77,57,81.2,30.71,55.18,33.97,388.21,-8.77,307.52,297.93,3.84,10.11,30.58
171,140700,KODEX 보험,12,5,60.0,21.46,,,3.53,7.22,1.32,5.63,0.52,12.63,30.5
172,0153K0,KODEX 주주환원고배당주,31,28,97.2,4.2,3.91,4.0,10.31,5.78,5.78,10.37,0.7,10.48,30.42
173,102970,KODEX 증권,12,7,94.6,12.97,,,36.29,-3.18,8.64,8.51,0.47,14.35,30.35
174,157500,TIGER 증권,11,7,95.5,12.55,,,36.25,-3.2,8.61,8.74,0.46,14.61,30.34
175,279530,KODEX 고배당주,21,19,95.5,7.89,2.53,2.59,12.25,2.61,5.26,8.47,0.67,10.78,30.3
176,0098N0,PLUS 자사주매입고배당주,31,27,87.5,4.46,1.87,2.63,7.67,2.95,1.01,8.6,0.63,10.31,30.15
177,228790,TIGER 화장품,19,15,97.1,21.42,9.92,7.49,33.33,16.46,16.51,50.09,7.04,27.6,30.13
178,143860,TIGER 헬스케어,48,30,78.5,52.3,35.16,14.6,83.43,5.52,98.27,107.04,12.31,10.88,29.78
179,266420,KODEX 헬스케어,48,30,78.5,52.12,35.17,14.58,83.24,5.61,97.98,106.83,12.3,10.81,29.78
180,461950,KODEX 2차전지핵심소재10,10,8,81.7,14.52,28.66,19.3,81.04,177.27,59.17,368.83,7.85,-10.79,29.74
181,463050,TIME K바이오액티브,22,16,81.0,63.29,48.72,21.15,108.89,-75.73,376.07,150.22,15.93,0.4,29.52
182,0220B0,DS 코스닥액티브,52,37,80.6,32.33,39.13,23.97,376.41,57.94,27.89,271.05,2.75,6.31,29.39
183,0008T0,SOL 화장품TOP3플러스,11,10,99.8,25.88,10.82,7.49,36.39,17.19,16.51,71.38,9.87,32.87,29.38
184,0005D0,SOL 전고체배터리&실리콘음극재,11,9,98.8,19.36,36.24,28.67,141.85,164.25,91.63,406.33,8.43,-2.98,29.04
185,139230,TIGER 200 중공업,18,16,98.1,17.96,12.98,11.48,53.93,30.92,22.7,114.79,1.99,17.33,28.96
186,441540,HANARO Fn조선해운,16,13,98.0,13.69,9.13,6.95,35.98,17.24,5.71,87.44,2.83,18.92,28.49
187,469170,ACE 포스코그룹포커스,11,8,81.7,4.78,34.86,22.7,77.34,125.52,56.33,318.84,4.61,3.85,28.2
188,494670,TIGER 조선TOP10,11,10,99.3,18.93,11.42,8.5,56.62,24.53,16.67,151.82,2.99,21.29,26.97
189,0115D0,KODEX 조선TOP10,11,10,99.5,19.58,12.27,8.96,65.7,25.6,17.08,166.0,1.86,20.47,26.62
190,466920,SOL 조선TOP3플러스,14,13,99.1,19.41,11.47,8.53,62.31,24.79,17.11,178.86,2.38,19.66,26.01
191,422420,RISE 2차전지액티브,17,15,95.8,19.91,31.5,22.99,165.19,87.78,60.5,369.84,5.04,-6.55,25.08
192,244580,KODEX 바이오,51,28,54.4,63.23,36.85,21.29,57.33,-80.56,320.67,208.71,12.32,0.42,24.84
193,0162Y0,TIME 코스닥액티브,61,47,77.3,38.18,59.36,43.4,309.67,-102.12,669.9,471.89,6.17,7.78,24.77
194,462010,TIGER 2차전지소재Fn,21,16,79.0,14.4,31.14,20.34,69.16,184.98,59.1,509.63,9.5,-4.46,24.49
195,486240,DAISHIN AI반도체&인프라액티브,29,26,96.6,68.03,24.56,8.36,243.14,33.48,13.61,323.9,1.78,16.06,23.4
196,475310,SOL 반도체후공정,11,9,81.3,37.1,27.67,16.27,139.54,31.33,19.71,299.33,4.1,15.72,22.85
197,307520,TIGER 지주회사,32,22,82.1,9.13,6.04,6.81,97.32,18.5,13.83,361.24,0.56,4.94,18.79
