etf_code,etf_name,stock_name,weight
396500,TIGER 반도체TOP10,삼성전자,26.98
396500,TIGER 반도체TOP10,SK하이닉스,23.03
396500,TIGER 반도체TOP10,SK스퀘어,20.26
396500,TIGER 반도체TOP10,한미반도체,6.8
396500,TIGER 반도체TOP10,주성엔지니어링,5.67
396500,TIGER 반도체TOP10,이수페타시스,4.71
396500,TIGER 반도체TOP10,원익IPS,3.22
396500,TIGER 반도체TOP10,이오테크닉스,3.11
396500,TIGER 반도체TOP10,DB하이텍,3.03
396500,TIGER 반도체TOP10,리노공업,2.67
396500,TIGER 반도체TOP10,원화현금,0.51
161510,PLUS 고배당주,DB손해보험,6.26
161510,PLUS 고배당주,우리금융지주,5.51
161510,PLUS 고배당주,기업은행,5.24
161510,PLUS 고배당주,GS,5.22
161510,PLUS 고배당주,NH투자증권,4.66
161510,PLUS 고배당주,하나금융지주,4.59
161510,PLUS 고배당주,제일기획,4.42
161510,PLUS 고배당주,삼성카드,4.1
161510,PLUS 고배당주,JB금융지주,4.06
161510,PLUS 고배당주,KT,4.03
161510,PLUS 고배당주,삼성화재,3.83
161510,PLUS 고배당주,기아,3.71
161510,PLUS 고배당주,삼성증권,3.51
161510,PLUS 고배당주,HD한국조선해양,3.45
161510,PLUS 고배당주,BNK금융지주,3.15
161510,PLUS 고배당주,강원랜드,3.04
161510,PLUS 고배당주,KT&G,2.91
161510,PLUS 고배당주,한국금융지주,2.88
161510,PLUS 고배당주,LX인터내셔널,2.7
161510,PLUS 고배당주,LG유플러스,2.58
161510,PLUS 고배당주,SK텔레콤,2.47
161510,PLUS 고배당주,현대엘리베이터,2.31
161510,PLUS 고배당주,코리안리,2.29
161510,PLUS 고배당주,키움증권,2.29
161510,PLUS 고배당주,포스코인터내셔널,2.22
161510,PLUS 고배당주,한국가스공사,1.85
161510,PLUS 고배당주,iM금융지주,1.81
161510,PLUS 고배당주,한국앤컴퍼니,1.7
161510,PLUS 고배당주,세아베스틸지주,1.46
161510,PLUS 고배당주,대신증권,1.37
161510,PLUS 고배당주,원화현금,0.35
305720,KODEX 2차전지산업,LG에너지솔루션,20.62
305720,KODEX 2차전지산업,삼성SDI,14.37
305720,KODEX 2차전지산업,POSCO홀딩스,13.81
305720,KODEX 2차전지산업,LG화학,10.56
305720,KODEX 2차전지산업,에코프로,7.64
305720,KODEX 2차전지산업,SK이노베이션,6.89
305720,KODEX 2차전지산업,에코프로비엠,6.87
305720,KODEX 2차전지산업,포스코퓨처엠,5.19
305720,KODEX 2차전지산업,엘앤에프,2.64
305720,KODEX 2차전지산업,SKC,1.85
305720,KODEX 2차전지산업,서진시스템,1.4
305720,KODEX 2차전지산업,롯데에너지머티리얼즈,1.11
305720,KODEX 2차전지산업,나노신소재,0.99
305720,KODEX 2차전지산업,에코프로머티,0.98
305720,KODEX 2차전지산업,코스모신소재,0.9
305720,KODEX 2차전지산업,대주전자재료,0.84
305720,KODEX 2차전지산업,후성,0.63
305720,KODEX 2차전지산업,엔켐,0.61
305720,KODEX 2차전지산업,피엔티,0.45
305720,KODEX 2차전지산업,SK아이이테크놀로지,0.44
305720,KODEX 2차전지산업,SFA넥셀,0.31
305720,KODEX 2차전지산업,코스모화학,0.22
305720,KODEX 2차전지산업,솔루스첨단소재,0.21
305720,KODEX 2차전지산업,한중엔시에스,0.18
305720,KODEX 2차전지산업,솔브레인홀딩스,0.14
305720,KODEX 2차전지산업,원화현금,0.17
292150,TIGER 코리아TOP10,삼성전자,25.69
292150,TIGER 코리아TOP10,SK하이닉스,24.87
292150,TIGER 코리아TOP10,삼성전기,12.05
292150,TIGER 코리아TOP10,KB금융,6.48
292150,TIGER 코리아TOP10,현대차,6.45
292150,TIGER 코리아TOP10,신한지주,5.3
292150,TIGER 코리아TOP10,한화에어로스페이스,5.1
292150,TIGER 코리아TOP10,두산에너빌리티,4.87
292150,TIGER 코리아TOP10,삼성물산,4.64
292150,TIGER 코리아TOP10,기아,3.82
292150,TIGER 코리아TOP10,원화현금,0.72
469150,ACE AI반도체TOP3+,한미반도체,25.03
469150,ACE AI반도체TOP3+,삼성전자,23.88
469150,ACE AI반도체TOP3+,SK하이닉스,23.14
469150,ACE AI반도체TOP3+,대덕전자,1.97
469150,ACE AI반도체TOP3+,하나마이크론,1.96
469150,ACE AI반도체TOP3+,심텍,1.71
469150,ACE AI반도체TOP3+,리노공업,1.67
469150,ACE AI반도체TOP3+,DB하이텍,1.67
469150,ACE AI반도체TOP3+,HPSP,1.61
469150,ACE AI반도체TOP3+,제주반도체,1.61
469150,ACE AI반도체TOP3+,피에스케이,1.6
469150,ACE AI반도체TOP3+,이오테크닉스,1.6
469150,ACE AI반도체TOP3+,원익IPS,1.59
469150,ACE AI반도체TOP3+,테스,1.57
469150,ACE AI반도체TOP3+,삼성전기,1.57
469150,ACE AI반도체TOP3+,테크윙,1.53
469150,ACE AI반도체TOP3+,파두,1.48
469150,ACE AI반도체TOP3+,ISC,1.48
469150,ACE AI반도체TOP3+,이수페타시스,1.47
469150,ACE AI반도체TOP3+,LG이노텍,1.41
469150,ACE AI반도체TOP3+,원화현금,0.46
0177R0,TIGER 반도체TOP10커버드콜액티브,SK하이닉스,25.45
0177R0,TIGER 반도체TOP10커버드콜액티브,삼성전자,22.37
0177R0,TIGER 반도체TOP10커버드콜액티브,SK스퀘어,14.52
0177R0,TIGER 반도체TOP10커버드콜액티브,삼성전기,11.77
0177R0,TIGER 반도체TOP10커버드콜액티브,TIGER 반도체TOP10,9.37
0177R0,TIGER 반도체TOP10커버드콜액티브,이오테크닉스,3.26
0177R0,TIGER 반도체TOP10커버드콜액티브,원익IPS,3.21
0177R0,TIGER 반도체TOP10커버드콜액티브,DB하이텍,3.12
0177R0,TIGER 반도체TOP10커버드콜액티브,리노공업,1.58
0177R0,TIGER 반도체TOP10커버드콜액티브,한미반도체,1.38
0177R0,TIGER 반도체TOP10커버드콜액티브,주성엔지니어링,1.24
0177R0,TIGER 반도체TOP10커버드콜액티브,테스,0.91
0177R0,TIGER 반도체TOP10커버드콜액티브,피에스케이,0.78
0177R0,TIGER 반도체TOP10커버드콜액티브,브이엠,0.63
0177R0,TIGER 반도체TOP10커버드콜액티브,이수페타시스,0.41
069660,KIWOOM 200,삼성전자,34.15
069660,KIWOOM 200,SK하이닉스,27.73
069660,KIWOOM 200,SK스퀘어,2.82
069660,KIWOOM 200,삼성전기,2.34
069660,KIWOOM 200,KB금융,1.35
069660,KIWOOM 200,현대차,1.25
069660,KIWOOM 200,신한지주,1.13
069660,KIWOOM 200,한화에어로스페이스,0.94
069660,KIWOOM 200,두산에너빌리티,0.93
069660,KIWOOM 200,삼성물산,0.88
069660,KIWOOM 200,하나금융지주,0.85
069660,KIWOOM 200,삼성SDI,0.85
069660,KIWOOM 200,셀트리온,0.76
069660,KIWOOM 200,기아,0.73
069660,KIWOOM 200,NAVER,0.68
069660,KIWOOM 200,삼성생명,0.65
069660,KIWOOM 200,현대모비스,0.63
069660,KIWOOM 200,LG전자,0.62
069660,KIWOOM 200,우리금융지주,0.6
069660,KIWOOM 200,POSCO홀딩스,0.56
069660,KIWOOM 200,SK,0.55
069660,KIWOOM 200,LG에너지솔루션,0.49
069660,KIWOOM 200,삼성화재,0.49
069660,KIWOOM 200,LS ELECTRIC,0.44
069660,KIWOOM 200,KT&G,0.42
069660,KIWOOM 200,HD한국조선해양,0.41
069660,KIWOOM 200,HD현대일렉트릭,0.4
069660,KIWOOM 200,삼성바이오로직스,0.39
069660,KIWOOM 200,HD현대중공업,0.37
069660,KIWOOM 200,삼성중공업,0.35
069660,KIWOOM 200,SK텔레콤,0.35
069660,KIWOOM 200,효성중공업,0.35
069660,KIWOOM 200,LG화학,0.32
069660,KIWOOM 200,SK이노베이션,0.31
069660,KIWOOM 200,한미반도체,0.31
069660,KIWOOM 200,카카오,0.3
069660,KIWOOM 200,KT,0.3
069660,KIWOOM 200,한화오션,0.28
069660,KIWOOM 200,LG,0.27
069660,KIWOOM 200,LIG디펜스앤에어로스페이스,0.27
069660,KIWOOM 200,한국전력,0.25
069660,KIWOOM 200,메리츠금융지주,0.25
069660,KIWOOM 200,한국항공우주,0.25
069660,KIWOOM 200,HD현대,0.24
069660,KIWOOM 200,에이피알,0.24
069660,KIWOOM 200,두산,0.24
069660,KIWOOM 200,미래에셋증권,0.23
069660,KIWOOM 200,현대로템,0.23
069660,KIWOOM 200,현대건설,0.22
069660,KIWOOM 200,삼성에스디에스,0.22
069660,KIWOOM 200,LG이노텍,0.22
069660,KIWOOM 200,대한항공,0.21
069660,KIWOOM 200,고려아연,0.21
069660,KIWOOM 200,삼성E&A,0.2
069660,KIWOOM 200,한국금융지주,0.2
069660,KIWOOM 200,DB손해보험,0.2
069660,KIWOOM 200,현대글로비스,0.2
069660,KIWOOM 200,카카오뱅크,0.18
069660,KIWOOM 200,HMM,0.18
069660,KIWOOM 200,이수페타시스,0.18
069660,KIWOOM 200,S-Oil,0.18
069660,KIWOOM 200,포스코퓨처엠,0.18
069660,KIWOOM 200,한진칼,0.17
069660,KIWOOM 200,한화시스템,0.16
069660,KIWOOM 200,기업은행,0.15
069660,KIWOOM 200,삼성증권,0.15
069660,KIWOOM 200,코웨이,0.15
069660,KIWOOM 200,크래프톤,0.15
069660,KIWOOM 200,한화솔루션,0.14
069660,KIWOOM 200,GS,0.13
069660,KIWOOM 200,LS,0.13
069660,KIWOOM 200,삼양식품,0.13
069660,KIWOOM 200,JB금융지주,0.12
069660,KIWOOM 200,한국타이어앤테크놀로지,0.12
069660,KIWOOM 200,유한양행,0.12
069660,KIWOOM 200,DB하이텍,0.12
069660,KIWOOM 200,HD현대마린솔루션,0.12
069660,KIWOOM 200,LG유플러스,0.11
069660,KIWOOM 200,BNK금융지주,0.11
069660,KIWOOM 200,NH투자증권,0.11
069660,KIWOOM 200,아모레퍼시픽,0.11
069660,KIWOOM 200,NC,0.11
069660,KIWOOM 200,키움증권,0.11
069660,KIWOOM 200,대한전선,0.1
069660,KIWOOM 200,하이브,0.1
069660,KIWOOM 200,산일전기,0.1
069660,KIWOOM 200,대우건설,0.09
069660,KIWOOM 200,LG씨엔에스,0.09
069660,KIWOOM 200,엘앤에프,0.09
069660,KIWOOM 200,HD건설기계,0.09
069660,KIWOOM 200,두산밥캣,0.08
069660,KIWOOM 200,SK바이오팜,0.08
069660,KIWOOM 200,OCI홀딩스,0.08
069660,KIWOOM 200,한미약품,0.08
069660,KIWOOM 200,LG디스플레이,0.07
069660,KIWOOM 200,iM금융지주,0.07
069660,KIWOOM 200,현대제철,0.07
069660,KIWOOM 200,현대해상,0.07
069660,KIWOOM 200,한화엔진,0.07
069660,KIWOOM 200,포스코인터내셔널,0.07
069660,KIWOOM 200,SKC,0.07
069660,KIWOOM 200,한화,0.07
069660,KIWOOM 200,한솔케미칼,0.07
069660,KIWOOM 200,두산로보틱스,0.06
069660,KIWOOM 200,DL이앤씨,0.06
069660,KIWOOM 200,오리온,0.06
069660,KIWOOM 200,한전기술,0.06
069660,KIWOOM 200,한국콜마,0.06
069660,KIWOOM 200,LG생활건강,0.06
069660,KIWOOM 200,코스맥스,0.06
069660,KIWOOM 200,현대오토에버,0.06
069660,KIWOOM 200,한화생명,0.05
069660,KIWOOM 200,현대엘리베이터,0.05
069660,KIWOOM 200,에스원,0.05
069660,KIWOOM 200,금호석유화학,0.05
069660,KIWOOM 200,CJ,0.05
069660,KIWOOM 200,달바글로벌,0.05
069660,KIWOOM 200,신세계,0.05
069660,KIWOOM 200,삼성에피스홀딩스,0.05
069660,KIWOOM 200,KCC,0.05
069660,KIWOOM 200,한온시스템,0.04
069660,KIWOOM 200,팬오션,0.04
069660,KIWOOM 200,강원랜드,0.04
069660,KIWOOM 200,카카오페이,0.04
069660,KIWOOM 200,한국가스공사,0.04
069660,KIWOOM 200,한올바이오파마,0.04
069660,KIWOOM 200,HL만도,0.04
069660,KIWOOM 200,한미사이언스,0.04
069660,KIWOOM 200,씨에스윈드,0.04
069660,KIWOOM 200,영원무역,0.04
069660,KIWOOM 200,이마트,0.04
069660,KIWOOM 200,이수스페셜티케미컬,0.04
069660,KIWOOM 200,풍산,0.04
069660,KIWOOM 200,CJ제일제당,0.04
069660,KIWOOM 200,농심,0.04
069660,KIWOOM 200,제일기획,0.03
069660,KIWOOM 200,포스코DX,0.03
069660,KIWOOM 200,넷마블,0.03
069660,KIWOOM 200,호텔신라,0.03
069660,KIWOOM 200,미스토홀딩스,0.03
069660,KIWOOM 200,삼성카드,0.03
069660,KIWOOM 200,SK바이오사이언스,0.03
069660,KIWOOM 200,한전KPS,0.03
069660,KIWOOM 200,DN오토모티브,0.03
069660,KIWOOM 200,코오롱인더,0.03
069660,KIWOOM 200,롯데케미칼,0.03
069660,KIWOOM 200,F&F,0.03
069660,KIWOOM 200,현대백화점,0.03
069660,KIWOOM 200,롯데쇼핑,0.03
069660,KIWOOM 200,BGF리테일,0.03
069660,KIWOOM 200,금호타이어,0.02
069660,KIWOOM 200,후성,0.02
069660,KIWOOM 200,SK아이이테크놀로지,0.02
069660,KIWOOM 200,GS리테일,0.02
069660,KIWOOM 200,한국카본,0.02
069660,KIWOOM 200,동서,0.02
069660,KIWOOM 200,롯데지주,0.02
069660,KIWOOM 200,한국앤컴퍼니,0.02
069660,KIWOOM 200,에스엘,0.02
069660,KIWOOM 200,현대위아,0.02
069660,KIWOOM 200,롯데정밀화학,0.02
069660,KIWOOM 200,더블유게임즈,0.02
069660,KIWOOM 200,CJ대한통운,0.02
069660,KIWOOM 200,녹십자,0.02
069660,KIWOOM 200,영원무역홀딩스,0.02
069660,KIWOOM 200,효성티앤씨,0.02
069660,KIWOOM 200,파라다이스,0.01
069660,KIWOOM 200,에스디바이오센서,0.01
069660,KIWOOM 200,하이트진로,0.01
069660,KIWOOM 200,한일시멘트,0.01
069660,KIWOOM 200,TKG휴켐스,0.01
069660,KIWOOM 200,오리온홀딩스,0.01
069660,KIWOOM 200,대상,0.01
069660,KIWOOM 200,대웅,0.01
069660,KIWOOM 200,세아베스틸지주,0.01
069660,KIWOOM 200,DL,0.01
069660,KIWOOM 200,동원산업,0.01
069660,KIWOOM 200,SK케미칼,0.01
069660,KIWOOM 200,한샘,0.01
069660,KIWOOM 200,대웅제약,0.01
069660,KIWOOM 200,영풍,0.01
069660,KIWOOM 200,OCI,0.01
069660,KIWOOM 200,대한유화,0.01
069660,KIWOOM 200,롯데칠성,0.01
069660,KIWOOM 200,지역난방공사,0.01
069660,KIWOOM 200,HS효성첨단소재,0.01
069660,KIWOOM 200,오뚜기,0.01
069660,KIWOOM 200,원화현금,0.7
495850,KODEX 코리아밸류업,SK하이닉스,20.86
495850,KODEX 코리아밸류업,삼성전자,17.39
495850,KODEX 코리아밸류업,SK스퀘어,8.79
495850,KODEX 코리아밸류업,KB금융,4.19
495850,KODEX 코리아밸류업,현대차,3.86
495850,KODEX 코리아밸류업,신한지주,3.51
495850,KODEX 코리아밸류업,한화에어로스페이스,2.9
495850,KODEX 코리아밸류업,하나금융지주,2.61
495850,KODEX 코리아밸류업,기아,2.27
495850,KODEX 코리아밸류업,현대모비스,1.94
495850,KODEX 코리아밸류업,우리금융지주,1.86
495850,KODEX 코리아밸류업,삼성화재,1.54
495850,KODEX 코리아밸류업,KT&G,1.31
495850,KODEX 코리아밸류업,HD한국조선해양,1.26
495850,KODEX 코리아밸류업,HD현대일렉트릭,1.25
495850,KODEX 코리아밸류업,HD현대중공업,1.15
495850,KODEX 코리아밸류업,SK텔레콤,1.09
495850,KODEX 코리아밸류업,KT,0.94
495850,KODEX 코리아밸류업,한미반도체,0.94
495850,KODEX 코리아밸류업,LIG디펜스앤에어로스페이스,0.84
495850,KODEX 코리아밸류업,메리츠금융지주,0.79
495850,KODEX 코리아밸류업,한국항공우주,0.77
495850,KODEX 코리아밸류업,HD현대,0.76
495850,KODEX 코리아밸류업,에이피알,0.74
495850,KODEX 코리아밸류업,미래에셋증권,0.68
495850,KODEX 코리아밸류업,LG이노텍,0.67
495850,KODEX 코리아밸류업,대한항공,0.64
495850,KODEX 코리아밸류업,삼성E&A,0.62
495850,KODEX 코리아밸류업,DB손해보험,0.62
495850,KODEX 코리아밸류업,한국금융지주,0.61
495850,KODEX 코리아밸류업,현대글로비스,0.61
495850,KODEX 코리아밸류업,HMM,0.55
495850,KODEX 코리아밸류업,한진칼,0.51
495850,KODEX 코리아밸류업,한화시스템,0.48
495850,KODEX 코리아밸류업,크래프톤,0.47
495850,KODEX 코리아밸류업,삼성증권,0.46
495850,KODEX 코리아밸류업,코웨이,0.45
495850,KODEX 코리아밸류업,JB금융지주,0.37
495850,KODEX 코리아밸류업,HD현대마린솔루션,0.37
495850,KODEX 코리아밸류업,삼양식품,0.37
495850,KODEX 코리아밸류업,DB하이텍,0.36
495850,KODEX 코리아밸류업,HPSP,0.35
495850,KODEX 코리아밸류업,리노공업,0.35
495850,KODEX 코리아밸류업,NH투자증권,0.34
495850,KODEX 코리아밸류업,아모레퍼시픽,0.34
495850,KODEX 코리아밸류업,키움증권,0.34
495850,KODEX 코리아밸류업,산일전기,0.32
495850,KODEX 코리아밸류업,피에스케이,0.25
495850,KODEX 코리아밸류업,한미약품,0.25
495850,KODEX 코리아밸류업,두산밥캣,0.24
495850,KODEX 코리아밸류업,포스코인터내셔널,0.22
495850,KODEX 코리아밸류업,한솔케미칼,0.22
495850,KODEX 코리아밸류업,한전기술,0.2
495850,KODEX 코리아밸류업,오리온,0.19
495850,KODEX 코리아밸류업,코스맥스,0.18
495850,KODEX 코리아밸류업,에스원,0.17
495850,KODEX 코리아밸류업,테스,0.17
495850,KODEX 코리아밸류업,파마리서치,0.17
495850,KODEX 코리아밸류업,현대엘리베이터,0.15
495850,KODEX 코리아밸류업,티씨케이,0.15
495850,KODEX 코리아밸류업,동진쎄미켐,0.14
495850,KODEX 코리아밸류업,금호석유화학,0.14
495850,KODEX 코리아밸류업,강원랜드,0.13
495850,KODEX 코리아밸류업,한미사이언스,0.13
495850,KODEX 코리아밸류업,솔브레인,0.13
495850,KODEX 코리아밸류업,피에스케이홀딩스,0.12
495850,KODEX 코리아밸류업,제일기획,0.11
495850,KODEX 코리아밸류업,현대무벡스,0.1
495850,KODEX 코리아밸류업,엘앤씨바이오,0.1
495850,KODEX 코리아밸류업,에스티팜,0.1
495850,KODEX 코리아밸류업,BGF리테일,0.09
495850,KODEX 코리아밸류업,코미코,0.08
495850,KODEX 코리아밸류업,JYP Ent.,0.08
495850,KODEX 코리아밸류업,한전KPS,0.08
495850,KODEX 코리아밸류업,F&F,0.08
495850,KODEX 코리아밸류업,동서,0.07
495850,KODEX 코리아밸류업,클래시스,0.07
495850,KODEX 코리아밸류업,비츠로셀,0.07
495850,KODEX 코리아밸류업,에스엘,0.07
495850,KODEX 코리아밸류업,케어젠,0.06
495850,KODEX 코리아밸류업,롯데렌탈,0.06
495850,KODEX 코리아밸류업,효성티앤씨,0.05
495850,KODEX 코리아밸류업,NICE평가정보,0.04
495850,KODEX 코리아밸류업,제룡전기,0.04
495850,KODEX 코리아밸류업,SK가스,0.04
495850,KODEX 코리아밸류업,에코프로에이치엔,0.03
495850,KODEX 코리아밸류업,JW중외제약,0.03
495850,KODEX 코리아밸류업,하나투어,0.03
495850,KODEX 코리아밸류업,SNT에너지,0.03
495850,KODEX 코리아밸류업,빙그레,0.03
495850,KODEX 코리아밸류업,세진중공업,0.02
495850,KODEX 코리아밸류업,디어유,0.02
495850,KODEX 코리아밸류업,넥스틴,0.02
495850,KODEX 코리아밸류업,SOOP,0.02
495850,KODEX 코리아밸류업,KG모빌리티플랫폼,0.01
495850,KODEX 코리아밸류업,엠앤씨솔루션,0.01
495850,KODEX 코리아밸류업,동원시스템즈,0.01
495850,KODEX 코리아밸류업,전진건설로봇,0.01
495850,KODEX 코리아밸류업,지역난방공사,0.01
495850,KODEX 코리아밸류업,미원상사,0.01
495850,KODEX 코리아밸류업,원화현금,0.51
0148J0,TIGER 코리아휴머노이드로봇산업,로보티즈,17.7
0148J0,TIGER 코리아휴머노이드로봇산업,레인보우로보틱스,13.02
0148J0,TIGER 코리아휴머노이드로봇산업,두산로보틱스,11.33
0148J0,TIGER 코리아휴머노이드로봇산업,하이젠알앤엠,9.16
0148J0,TIGER 코리아휴머노이드로봇산업,에스피지,8.62
0148J0,TIGER 코리아휴머노이드로봇산업,뉴로메카,5.41
0148J0,TIGER 코리아휴머노이드로봇산업,로보스타,5.26
0148J0,TIGER 코리아휴머노이드로봇산업,LG씨엔에스,5.1
0148J0,TIGER 코리아휴머노이드로봇산업,현대무벡스,4.91
0148J0,TIGER 코리아휴머노이드로봇산업,현대오토에버,4.38
0148J0,TIGER 코리아휴머노이드로봇산업,삼현,3.99
0148J0,TIGER 코리아휴머노이드로봇산업,유진로봇,3.89
0148J0,TIGER 코리아휴머노이드로봇산업,유일로보틱스,2.75
0148J0,TIGER 코리아휴머노이드로봇산업,엔젤로보틱스,2.43
0148J0,TIGER 코리아휴머노이드로봇산업,클로봇,1.94
0148J0,TIGER 코리아휴머노이드로봇산업,원화현금,0.1
0105E0,SOL 코리아고배당,삼성화재,6.45
0105E0,SOL 코리아고배당,KB금융,5.76
0105E0,SOL 코리아고배당,신한지주,5.75
0105E0,SOL 코리아고배당,우리금융지주,5.61
0105E0,SOL 코리아고배당,하나금융지주,5.5
0105E0,SOL 코리아고배당,KT&G,4.68
0105E0,SOL 코리아고배당,한국쉘석유,4.6
0105E0,SOL 코리아고배당,제일기획,4.1
0105E0,SOL 코리아고배당,DB손해보험,3.71
0105E0,SOL 코리아고배당,이노션,3.43
0105E0,SOL 코리아고배당,기아,3.27
0105E0,SOL 코리아고배당,오리온홀딩스,3.14
0105E0,SOL 코리아고배당,코리안리,3.01
0105E0,SOL 코리아고배당,기업은행,3.01
0105E0,SOL 코리아고배당,LG,3.01
0105E0,SOL 코리아고배당,강원랜드,2.91
0105E0,SOL 코리아고배당,TKG휴켐스,2.8
0105E0,SOL 코리아고배당,SK네트웍스,2.78
0105E0,SOL 코리아고배당,삼성증권,2.74
0105E0,SOL 코리아고배당,빙그레,2.7
0105E0,SOL 코리아고배당,NH투자증권,2.63
0105E0,SOL 코리아고배당,삼성카드,2.58
0105E0,SOL 코리아고배당,현대차,2.53
0105E0,SOL 코리아고배당,한국앤컴퍼니,2.36
0105E0,SOL 코리아고배당,넥스틸,2.28
0105E0,SOL 코리아고배당,두산밥캣,1.99
0105E0,SOL 코리아고배당,KG스틸,1.89
0105E0,SOL 코리아고배당,LX홀딩스,1.83
0105E0,SOL 코리아고배당,에스엘,1.83
0105E0,SOL 코리아고배당,코나아이,0.54
0105E0,SOL 코리아고배당,원화현금,0.61
315960,RISE 대형고배당10TR,삼성전자,28.22
315960,RISE 대형고배당10TR,SK하이닉스,27.99
315960,RISE 대형고배당10TR,현대차,8.41
315960,RISE 대형고배당10TR,KB금융,7.4
315960,RISE 대형고배당10TR,삼성생명,6.85
315960,RISE 대형고배당10TR,신한지주,5.9
315960,RISE 대형고배당10TR,기아,5.22
315960,RISE 대형고배당10TR,하나금융지주,4.2
315960,RISE 대형고배당10TR,POSCO홀딩스,2.92
315960,RISE 대형고배당10TR,우리금융지주,2.89
315960,RISE 대형고배당10TR,원화현금,0.01
444200,SOL 코리아메가테크액티브,삼성전자,26.12
444200,SOL 코리아메가테크액티브,SK하이닉스,17.8
444200,SOL 코리아메가테크액티브,한화에어로스페이스,4.81
444200,SOL 코리아메가테크액티브,두산에너빌리티,4.73
444200,SOL 코리아메가테크액티브,카카오,4.48
444200,SOL 코리아메가테크액티브,효성중공업,4.0
444200,SOL 코리아메가테크액티브,삼성전기,3.86
444200,SOL 코리아메가테크액티브,현대차,3.49
444200,SOL 코리아메가테크액티브,삼성에스디에스,3.46
444200,SOL 코리아메가테크액티브,LS ELECTRIC,2.22
444200,SOL 코리아메가테크액티브,기아,2.21
444200,SOL 코리아메가테크액티브,HD현대일렉트릭,2.04
444200,SOL 코리아메가테크액티브,HD한국조선해양,1.94
444200,SOL 코리아메가테크액티브,LG전자,1.88
444200,SOL 코리아메가테크액티브,현대모비스,1.84
444200,SOL 코리아메가테크액티브,HD현대중공업,1.82
444200,SOL 코리아메가테크액티브,LG씨엔에스,1.45
444200,SOL 코리아메가테크액티브,삼성SDI,1.38
444200,SOL 코리아메가테크액티브,LIG디펜스앤에어로스페이스,1.33
444200,SOL 코리아메가테크액티브,한국항공우주,1.23
444200,SOL 코리아메가테크액티브,한국전력,1.21
444200,SOL 코리아메가테크액티브,현대로템,1.1
444200,SOL 코리아메가테크액티브,LG에너지솔루션,0.97
444200,SOL 코리아메가테크액티브,현대오토에버,0.97
444200,SOL 코리아메가테크액티브,LG이노텍,0.62
444200,SOL 코리아메가테크액티브,카카오페이,0.61
444200,SOL 코리아메가테크액티브,현대글로비스,0.61
444200,SOL 코리아메가테크액티브,산일전기,0.51
444200,SOL 코리아메가테크액티브,NHN,0.31
444200,SOL 코리아메가테크액티브,이수페타시스,0.28
444200,SOL 코리아메가테크액티브,대덕전자,0.22
444200,SOL 코리아메가테크액티브,ISC,0.09
444200,SOL 코리아메가테크액티브,원화현금,0.44
451060,1Q 200액티브,삼성전자,34.29
451060,1Q 200액티브,SK하이닉스,27.85
451060,1Q 200액티브,SK스퀘어,2.85
451060,1Q 200액티브,삼성전기,2.34
451060,1Q 200액티브,KB금융,1.36
451060,1Q 200액티브,현대차,1.26
451060,1Q 200액티브,신한지주,1.14
451060,1Q 200액티브,두산에너빌리티,0.94
451060,1Q 200액티브,한화에어로스페이스,0.93
451060,1Q 200액티브,삼성물산,0.89
451060,1Q 200액티브,하나금융지주,0.86
451060,1Q 200액티브,삼성SDI,0.86
451060,1Q 200액티브,셀트리온,0.77
451060,1Q 200액티브,기아,0.73
451060,1Q 200액티브,NAVER,0.69
451060,1Q 200액티브,삼성생명,0.65
451060,1Q 200액티브,LG전자,0.63
451060,1Q 200액티브,현대모비스,0.63
451060,1Q 200액티브,우리금융지주,0.6
451060,1Q 200액티브,POSCO홀딩스,0.56
451060,1Q 200액티브,SK,0.56
451060,1Q 200액티브,삼성화재,0.5
451060,1Q 200액티브,LG에너지솔루션,0.49
451060,1Q 200액티브,LS ELECTRIC,0.44
451060,1Q 200액티브,KT&G,0.42
451060,1Q 200액티브,HD한국조선해양,0.41
451060,1Q 200액티브,HD현대일렉트릭,0.41
451060,1Q 200액티브,삼성바이오로직스,0.4
451060,1Q 200액티브,HD현대중공업,0.37
451060,1Q 200액티브,효성중공업,0.36
451060,1Q 200액티브,삼성중공업,0.35
451060,1Q 200액티브,SK텔레콤,0.35
451060,1Q 200액티브,LG화학,0.32
451060,1Q 200액티브,KT,0.31
451060,1Q 200액티브,SK이노베이션,0.31
451060,1Q 200액티브,한미반도체,0.31
451060,1Q 200액티브,카카오,0.3
451060,1Q 200액티브,한화오션,0.28
451060,1Q 200액티브,LIG디펜스앤에어로스페이스,0.28
451060,1Q 200액티브,LG,0.27
451060,1Q 200액티브,한국전력,0.25
451060,1Q 200액티브,메리츠금융지주,0.25
451060,1Q 200액티브,한국항공우주,0.25
451060,1Q 200액티브,HD현대,0.25
451060,1Q 200액티브,두산,0.25
451060,1Q 200액티브,에이피알,0.24
451060,1Q 200액티브,현대건설,0.23
451060,1Q 200액티브,현대로템,0.23
451060,1Q 200액티브,미래에셋증권,0.22
451060,1Q 200액티브,삼성에스디에스,0.22
451060,1Q 200액티브,LG이노텍,0.22
451060,1Q 200액티브,고려아연,0.22
451060,1Q 200액티브,대한항공,0.21
451060,1Q 200액티브,삼성E&A,0.2
451060,1Q 200액티브,한국금융지주,0.2
451060,1Q 200액티브,DB손해보험,0.2
451060,1Q 200액티브,현대글로비스,0.2
451060,1Q 200액티브,S-Oil,0.19
451060,1Q 200액티브,카카오뱅크,0.18
451060,1Q 200액티브,HMM,0.18
451060,1Q 200액티브,이수페타시스,0.18
451060,1Q 200액티브,포스코퓨처엠,0.18
451060,1Q 200액티브,한진칼,0.17
451060,1Q 200액티브,한화시스템,0.16
451060,1Q 200액티브,기업은행,0.15
451060,1Q 200액티브,삼성증권,0.15
451060,1Q 200액티브,코웨이,0.15
451060,1Q 200액티브,크래프톤,0.15
451060,1Q 200액티브,한화솔루션,0.14
451060,1Q 200액티브,GS,0.13
451060,1Q 200액티브,LS,0.13
451060,1Q 200액티브,삼양식품,0.13
451060,1Q 200액티브,BNK금융지주,0.12
451060,1Q 200액티브,JB금융지주,0.12
451060,1Q 200액티브,한국타이어앤테크놀로지,0.12
451060,1Q 200액티브,유한양행,0.12
451060,1Q 200액티브,HD현대마린솔루션,0.12
451060,1Q 200액티브,LG유플러스,0.11
451060,1Q 200액티브,NH투자증권,0.11
451060,1Q 200액티브,아모레퍼시픽,0.11
451060,1Q 200액티브,DB하이텍,0.11
451060,1Q 200액티브,NC,0.11
451060,1Q 200액티브,키움증권,0.11
451060,1Q 200액티브,대한전선,0.1
451060,1Q 200액티브,하이브,0.1
451060,1Q 200액티브,산일전기,0.1
451060,1Q 200액티브,대우건설,0.09
451060,1Q 200액티브,LG씨엔에스,0.09
451060,1Q 200액티브,엘앤에프,0.09
451060,1Q 200액티브,HD건설기계,0.09
451060,1Q 200액티브,두산밥캣,0.08
451060,1Q 200액티브,SK바이오팜,0.08
451060,1Q 200액티브,OCI홀딩스,0.08
451060,1Q 200액티브,한미약품,0.08
451060,1Q 200액티브,LG디스플레이,0.07
451060,1Q 200액티브,iM금융지주,0.07
451060,1Q 200액티브,현대제철,0.07
451060,1Q 200액티브,현대해상,0.07
451060,1Q 200액티브,한화엔진,0.07
451060,1Q 200액티브,포스코인터내셔널,0.07
451060,1Q 200액티브,SKC,0.07
451060,1Q 200액티브,한화,0.07
451060,1Q 200액티브,한솔케미칼,0.07
451060,1Q 200액티브,LG생활건강,0.07
451060,1Q 200액티브,두산로보틱스,0.06
451060,1Q 200액티브,DL이앤씨,0.06
451060,1Q 200액티브,오리온,0.06
451060,1Q 200액티브,한전기술,0.06
451060,1Q 200액티브,한국콜마,0.06
451060,1Q 200액티브,코스맥스,0.06
451060,1Q 200액티브,신세계,0.06
451060,1Q 200액티브,현대오토에버,0.06
451060,1Q 200액티브,한화생명,0.05
451060,1Q 200액티브,현대엘리베이터,0.05
451060,1Q 200액티브,에스원,0.05
451060,1Q 200액티브,금호석유화학,0.05
451060,1Q 200액티브,CJ,0.05
451060,1Q 200액티브,달바글로벌,0.05
451060,1Q 200액티브,삼성에피스홀딩스,0.05
451060,1Q 200액티브,KCC,0.05
451060,1Q 200액티브,한온시스템,0.04
451060,1Q 200액티브,팬오션,0.04
451060,1Q 200액티브,강원랜드,0.04
451060,1Q 200액티브,에코프로머티,0.04
451060,1Q 200액티브,한국가스공사,0.04
451060,1Q 200액티브,카카오페이,0.04
451060,1Q 200액티브,한올바이오파마,0.04
451060,1Q 200액티브,HL만도,0.04
451060,1Q 200액티브,한미사이언스,0.04
451060,1Q 200액티브,씨에스윈드,0.04
451060,1Q 200액티브,영원무역,0.04
451060,1Q 200액티브,이마트,0.04
451060,1Q 200액티브,이수스페셜티케미컬,0.04
451060,1Q 200액티브,풍산,0.04
451060,1Q 200액티브,CJ제일제당,0.04
451060,1Q 200액티브,제일기획,0.03
451060,1Q 200액티브,포스코DX,0.03
451060,1Q 200액티브,넷마블,0.03
451060,1Q 200액티브,호텔신라,0.03
451060,1Q 200액티브,미스토홀딩스,0.03
451060,1Q 200액티브,삼성카드,0.03
451060,1Q 200액티브,SK바이오사이언스,0.03
451060,1Q 200액티브,한전KPS,0.03
451060,1Q 200액티브,HD현대마린엔진,0.03
451060,1Q 200액티브,DN오토모티브,0.03
451060,1Q 200액티브,코오롱인더,0.03
451060,1Q 200액티브,롯데케미칼,0.03
451060,1Q 200액티브,F&F,0.03
451060,1Q 200액티브,현대백화점,0.03
451060,1Q 200액티브,롯데쇼핑,0.03
451060,1Q 200액티브,BGF리테일,0.03
451060,1Q 200액티브,농심,0.03
451060,1Q 200액티브,금호타이어,0.02
451060,1Q 200액티브,후성,0.02
451060,1Q 200액티브,SK아이이테크놀로지,0.02
451060,1Q 200액티브,GS리테일,0.02
451060,1Q 200액티브,한국카본,0.02
451060,1Q 200액티브,동서,0.02
451060,1Q 200액티브,롯데지주,0.02
451060,1Q 200액티브,아모레퍼시픽홀딩스,0.02
451060,1Q 200액티브,한국앤컴퍼니,0.02
451060,1Q 200액티브,에스엘,0.02
451060,1Q 200액티브,현대위아,0.02
451060,1Q 200액티브,롯데정밀화학,0.02
451060,1Q 200액티브,세아베스틸지주,0.02
451060,1Q 200액티브,CJ대한통운,0.02
451060,1Q 200액티브,더블유게임즈,0.02
451060,1Q 200액티브,녹십자,0.02
451060,1Q 200액티브,영원무역홀딩스,0.02
451060,1Q 200액티브,효성티앤씨,0.02
451060,1Q 200액티브,파라다이스,0.01
451060,1Q 200액티브,에스디바이오센서,0.01
451060,1Q 200액티브,하이트진로,0.01
451060,1Q 200액티브,코스모화학,0.01
451060,1Q 200액티브,TKG휴켐스,0.01
451060,1Q 200액티브,한일시멘트,0.01
451060,1Q 200액티브,오리온홀딩스,0.01
451060,1Q 200액티브,대상,0.01
451060,1Q 200액티브,대웅,0.01
451060,1Q 200액티브,DL,0.01
451060,1Q 200액티브,동원산업,0.01
451060,1Q 200액티브,SK케미칼,0.01
451060,1Q 200액티브,한샘,0.01
451060,1Q 200액티브,종근당,0.01
451060,1Q 200액티브,대웅제약,0.01
451060,1Q 200액티브,영풍,0.01
451060,1Q 200액티브,OCI,0.01
451060,1Q 200액티브,대한유화,0.01
451060,1Q 200액티브,롯데칠성,0.01
451060,1Q 200액티브,롯데웰푸드,0.01
451060,1Q 200액티브,지역난방공사,0.01
451060,1Q 200액티브,HS효성첨단소재,0.01
451060,1Q 200액티브,오뚜기,0.01
0094M0,RISE 코리아밸류업위클리고정커버드콜,SK하이닉스,20.46
0094M0,RISE 코리아밸류업위클리고정커버드콜,삼성전자,17.07
0094M0,RISE 코리아밸류업위클리고정커버드콜,SK스퀘어,8.64
0094M0,RISE 코리아밸류업위클리고정커버드콜,KB금융,4.12
0094M0,RISE 코리아밸류업위클리고정커버드콜,현대차,3.81
0094M0,RISE 코리아밸류업위클리고정커버드콜,신한지주,3.46
0094M0,RISE 코리아밸류업위클리고정커버드콜,한화에어로스페이스,2.82
0094M0,RISE 코리아밸류업위클리고정커버드콜,하나금융지주,2.57
0094M0,RISE 코리아밸류업위클리고정커버드콜,기아,2.24
0094M0,RISE 코리아밸류업위클리고정커버드콜,현대모비스,1.93
0094M0,RISE 코리아밸류업위클리고정커버드콜,우리금융지주,1.83
0094M0,RISE 코리아밸류업위클리고정커버드콜,삼성화재,1.51
0094M0,RISE 코리아밸류업위클리고정커버드콜,KT&G,1.3
0094M0,RISE 코리아밸류업위클리고정커버드콜,HD현대일렉트릭,1.24
0094M0,RISE 코리아밸류업위클리고정커버드콜,HD한국조선해양,1.23
0094M0,RISE 코리아밸류업위클리고정커버드콜,HD현대중공업,1.12
0094M0,RISE 코리아밸류업위클리고정커버드콜,SK텔레콤,1.07
0094M0,RISE 코리아밸류업위클리고정커버드콜,KT,0.93
0094M0,RISE 코리아밸류업위클리고정커버드콜,한미반도체,0.93
0094M0,RISE 코리아밸류업위클리고정커버드콜,LIG디펜스앤에어로스페이스,0.87
0094M0,RISE 코리아밸류업위클리고정커버드콜,메리츠금융지주,0.77
0094M0,RISE 코리아밸류업위클리고정커버드콜,한국항공우주,0.76
0094M0,RISE 코리아밸류업위클리고정커버드콜,HD현대,0.74
0094M0,RISE 코리아밸류업위클리고정커버드콜,에이피알,0.71
0094M0,RISE 코리아밸류업위클리고정커버드콜,미래에셋증권,0.67
0094M0,RISE 코리아밸류업위클리고정커버드콜,LG이노텍,0.66
0094M0,RISE 코리아밸류업위클리고정커버드콜,대한항공,0.63
0094M0,RISE 코리아밸류업위클리고정커버드콜,삼성E&A,0.61
0094M0,RISE 코리아밸류업위클리고정커버드콜,DB손해보험,0.61
0094M0,RISE 코리아밸류업위클리고정커버드콜,한국금융지주,0.6
0094M0,RISE 코리아밸류업위클리고정커버드콜,현대글로비스,0.6
0094M0,RISE 코리아밸류업위클리고정커버드콜,HMM,0.55
0094M0,RISE 코리아밸류업위클리고정커버드콜,한진칼,0.5
0094M0,RISE 코리아밸류업위클리고정커버드콜,한화시스템,0.47
0094M0,RISE 코리아밸류업위클리고정커버드콜,크래프톤,0.46
0094M0,RISE 코리아밸류업위클리고정커버드콜,삼성증권,0.45
0094M0,RISE 코리아밸류업위클리고정커버드콜,코웨이,0.44
0094M0,RISE 코리아밸류업위클리고정커버드콜,삼양식품,0.42
0094M0,RISE 코리아밸류업위클리고정커버드콜,JB금융지주,0.37
0094M0,RISE 코리아밸류업위클리고정커버드콜,HD현대마린솔루션,0.37
0094M0,RISE 코리아밸류업위클리고정커버드콜,HPSP,0.35
0094M0,RISE 코리아밸류업위클리고정커버드콜,DB하이텍,0.35
0094M0,RISE 코리아밸류업위클리고정커버드콜,리노공업,0.34
0094M0,RISE 코리아밸류업위클리고정커버드콜,NH투자증권,0.33
0094M0,RISE 코리아밸류업위클리고정커버드콜,아모레퍼시픽,0.33
0094M0,RISE 코리아밸류업위클리고정커버드콜,키움증권,0.33
0094M0,RISE 코리아밸류업위클리고정커버드콜,산일전기,0.31
0094M0,RISE 코리아밸류업위클리고정커버드콜,피에스케이,0.24
0094M0,RISE 코리아밸류업위클리고정커버드콜,두산밥캣,0.23
0094M0,RISE 코리아밸류업위클리고정커버드콜,한미약품,0.23
0094M0,RISE 코리아밸류업위클리고정커버드콜,한솔케미칼,0.22
0094M0,RISE 코리아밸류업위클리고정커버드콜,포스코인터내셔널,0.21
0094M0,RISE 코리아밸류업위클리고정커버드콜,한전기술,0.19
0094M0,RISE 코리아밸류업위클리고정커버드콜,코스맥스,0.19
0094M0,RISE 코리아밸류업위클리고정커버드콜,오리온,0.18
0094M0,RISE 코리아밸류업위클리고정커버드콜,파마리서치,0.18
0094M0,RISE 코리아밸류업위클리고정커버드콜,에스원,0.16
0094M0,RISE 코리아밸류업위클리고정커버드콜,테스,0.16
0094M0,RISE 코리아밸류업위클리고정커버드콜,현대엘리베이터,0.15
0094M0,RISE 코리아밸류업위클리고정커버드콜,동진쎄미켐,0.14
0094M0,RISE 코리아밸류업위클리고정커버드콜,티씨케이,0.14
0094M0,RISE 코리아밸류업위클리고정커버드콜,솔브레인,0.14
0094M0,RISE 코리아밸류업위클리고정커버드콜,강원랜드,0.13
0094M0,RISE 코리아밸류업위클리고정커버드콜,한미사이언스,0.13
0094M0,RISE 코리아밸류업위클리고정커버드콜,금호석유화학,0.13
0094M0,RISE 코리아밸류업위클리고정커버드콜,피에스케이홀딩스,0.11
0094M0,RISE 코리아밸류업위클리고정커버드콜,제일기획,0.1
0094M0,RISE 코리아밸류업위클리고정커버드콜,현대무벡스,0.1
0094M0,RISE 코리아밸류업위클리고정커버드콜,엘앤씨바이오,0.1
0094M0,RISE 코리아밸류업위클리고정커버드콜,에스티팜,0.1
0094M0,RISE 코리아밸류업위클리고정커버드콜,BGF리테일,0.09
0094M0,RISE 코리아밸류업위클리고정커버드콜,코미코,0.08
0094M0,RISE 코리아밸류업위클리고정커버드콜,JYP Ent.,0.08
0094M0,RISE 코리아밸류업위클리고정커버드콜,한전KPS,0.08
0094M0,RISE 코리아밸류업위클리고정커버드콜,F&F,0.08
0094M0,RISE 코리아밸류업위클리고정커버드콜,동서,0.07
0094M0,RISE 코리아밸류업위클리고정커버드콜,클래시스,0.07
0094M0,RISE 코리아밸류업위클리고정커버드콜,에스엘,0.07
0094M0,RISE 코리아밸류업위클리고정커버드콜,비츠로셀,0.06
0094M0,RISE 코리아밸류업위클리고정커버드콜,효성티앤씨,0.06
0094M0,RISE 코리아밸류업위클리고정커버드콜,케어젠,0.05
0094M0,RISE 코리아밸류업위클리고정커버드콜,롯데렌탈,0.05
0094M0,RISE 코리아밸류업위클리고정커버드콜,SK가스,0.05
0094M0,RISE 코리아밸류업위클리고정커버드콜,NICE평가정보,0.04
0094M0,RISE 코리아밸류업위클리고정커버드콜,제룡전기,0.04
0094M0,RISE 코리아밸류업위클리고정커버드콜,에코프로에이치엔,0.03
0094M0,RISE 코리아밸류업위클리고정커버드콜,JW중외제약,0.03
0094M0,RISE 코리아밸류업위클리고정커버드콜,하나투어,0.03
0094M0,RISE 코리아밸류업위클리고정커버드콜,빙그레,0.03
0094M0,RISE 코리아밸류업위클리고정커버드콜,세진중공업,0.02
0094M0,RISE 코리아밸류업위클리고정커버드콜,디어유,0.02
0094M0,RISE 코리아밸류업위클리고정커버드콜,SNT에너지,0.02
0094M0,RISE 코리아밸류업위클리고정커버드콜,넥스틴,0.02
0094M0,RISE 코리아밸류업위클리고정커버드콜,SOOP,0.02
0094M0,RISE 코리아밸류업위클리고정커버드콜,지역난방공사,0.02
0094M0,RISE 코리아밸류업위클리고정커버드콜,미원상사,0.02
0094M0,RISE 코리아밸류업위클리고정커버드콜,KG모빌리티플랫폼,0.01
0094M0,RISE 코리아밸류업위클리고정커버드콜,엠앤씨솔루션,0.01
0094M0,RISE 코리아밸류업위클리고정커버드콜,동원시스템즈,0.01
0094M0,RISE 코리아밸류업위클리고정커버드콜,전진건설로봇,0.01
0094M0,RISE 코리아밸류업위클리고정커버드콜,원화현금,2.13
091180,KODEX 자동차,기아,18.89
091180,KODEX 자동차,현대모비스,17.34
091180,KODEX 자동차,현대차,17.29
091180,KODEX 자동차,한국타이어앤테크놀로지,14.63
091180,KODEX 자동차,HL만도,5.19
091180,KODEX 자동차,한온시스템,4.54
091180,KODEX 자동차,DN오토모티브,3.48
091180,KODEX 자동차,에스엘,2.8
091180,KODEX 자동차,현대위아,2.8
091180,KODEX 자동차,금호타이어,2.62
091180,KODEX 자동차,한국앤컴퍼니,2.05
091180,KODEX 자동차,삼현,2.01
091180,KODEX 자동차,세방전지,1.67
091180,KODEX 자동차,SNT모티브,0.97
091180,KODEX 자동차,성우하이텍,0.93
091180,KODEX 자동차,명신산업,0.79
091180,KODEX 자동차,KG모빌리티,0.77
091180,KODEX 자동차,SNT홀딩스,0.7
091180,KODEX 자동차,원화현금,0.51
270810,RISE 코스닥150,알테오젠,7.45
270810,RISE 코스닥150,에코프로,4.72
270810,RISE 코스닥150,주성엔지니어링,3.99
270810,RISE 코스닥150,에코프로비엠,3.74
270810,RISE 코스닥150,HLB,2.57
270810,RISE 코스닥150,원익IPS,2.46
270810,RISE 코스닥150,이오테크닉스,2.46
270810,RISE 코스닥150,HPSP,2.31
270810,RISE 코스닥150,리노공업,2.28
270810,RISE 코스닥150,심텍,2.26
270810,RISE 코스닥150,로보티즈,1.95
270810,RISE 코스닥150,레인보우로보틱스,1.93
270810,RISE 코스닥150,피에스케이,1.6
270810,RISE 코스닥150,삼천당제약,1.57
270810,RISE 코스닥150,제주반도체,1.52
270810,RISE 코스닥150,펩트론,1.49
270810,RISE 코스닥150,하나마이크론,1.34
270810,RISE 코스닥150,유진테크,1.34
270810,RISE 코스닥150,리가켐바이오,1.17
270810,RISE 코스닥150,에이비엘바이오,1.15
270810,RISE 코스닥150,ISC,1.15
270810,RISE 코스닥150,서진시스템,1.11
270810,RISE 코스닥150,테스,1.11
270810,RISE 코스닥150,파마리서치,1.11
270810,RISE 코스닥150,우리기술,1.1
270810,RISE 코스닥150,올릭스,1.08
270810,RISE 코스닥150,솔브레인,0.97
270810,RISE 코스닥150,고영,0.94
270810,RISE 코스닥150,동진쎄미켐,0.94
270810,RISE 코스닥150,티씨케이,0.88
270810,RISE 코스닥150,보로노이,0.86
270810,RISE 코스닥150,티에스이,0.86
270810,RISE 코스닥150,디앤디파마텍,0.85
270810,RISE 코스닥150,브이엠,0.85
270810,RISE 코스닥150,테크윙,0.8
270810,RISE 코스닥150,피에스케이홀딩스,0.77
270810,RISE 코스닥150,에스피지,0.75
270810,RISE 코스닥150,실리콘투,0.71
270810,RISE 코스닥150,네이처셀,0.69
270810,RISE 코스닥150,비에이치아이,0.69
270810,RISE 코스닥150,태성,0.69
270810,RISE 코스닥150,파크시스템스,0.69
270810,RISE 코스닥150,펄어비스,0.67
270810,RISE 코스닥150,두산테스나,0.67
270810,RISE 코스닥150,오스코텍,0.65
270810,RISE 코스닥150,에스티팜,0.65
270810,RISE 코스닥150,원익홀딩스,0.64
270810,RISE 코스닥150,엘앤씨바이오,0.64
270810,RISE 코스닥150,대주전자재료,0.64
270810,RISE 코스닥150,현대무벡스,0.63
270810,RISE 코스닥150,에스엠,0.57
270810,RISE 코스닥150,성호전자,0.56
270810,RISE 코스닥150,씨젠,0.55
270810,RISE 코스닥150,RFHIC,0.55
270810,RISE 코스닥150,코미코,0.54
270810,RISE 코스닥150,JYP Ent.,0.54
270810,RISE 코스닥150,휴젤,0.53
270810,RISE 코스닥150,클래시스,0.48
270810,RISE 코스닥150,에스앤에스텍,0.47
270810,RISE 코스닥150,SFA반도체,0.46
270810,RISE 코스닥150,큐리옥스바이오시스템즈,0.46
270810,RISE 코스닥150,비츠로셀,0.44
270810,RISE 코스닥150,셀트리온제약,0.42
270810,RISE 코스닥150,휴림로봇,0.41
270810,RISE 코스닥150,에임드바이오,0.38
270810,RISE 코스닥150,필옵틱스,0.38
270810,RISE 코스닥150,루닛,0.37
270810,RISE 코스닥150,와이씨,0.36
270810,RISE 코스닥150,케어젠,0.36
270810,RISE 코스닥150,코스메카코리아,0.36
270810,RISE 코스닥150,하나머티리얼즈,0.35
270810,RISE 코스닥150,현대바이오,0.34
270810,RISE 코스닥150,클로봇,0.34
270810,RISE 코스닥150,기가비스,0.34
270810,RISE 코스닥150,케이엠더블유,0.33
270810,RISE 코스닥150,피엔티,0.33
270810,RISE 코스닥150,신성델타테크,0.32
270810,RISE 코스닥150,HK이노엔,0.32
270810,RISE 코스닥150,삼현,0.32
270810,RISE 코스닥150,차바이오텍,0.31
270810,RISE 코스닥150,LS머트리얼즈,0.31
270810,RISE 코스닥150,에프에스티,0.31
270810,RISE 코스닥150,와이지엔터테인먼트,0.31
270810,RISE 코스닥150,인텔리안테크,0.31
270810,RISE 코스닥150,쏠리드,0.3
270810,RISE 코스닥150,에이치브이엠,0.3
270810,RISE 코스닥150,쎄트렉아이,0.3
270810,RISE 코스닥150,지아이이노베이션,0.29
270810,RISE 코스닥150,LS마린솔루션,0.29
270810,RISE 코스닥150,나노신소재,0.29
270810,RISE 코스닥150,아이티센글로벌,0.28
270810,RISE 코스닥150,원익QnC,0.28
270810,RISE 코스닥150,제룡전기,0.28
270810,RISE 코스닥150,하림지주,0.27
270810,RISE 코스닥150,성광벤드,0.27
270810,RISE 코스닥150,로보스타,0.26
270810,RISE 코스닥150,카카오게임즈,0.25
270810,RISE 코스닥150,레이크머티리얼즈,0.25
270810,RISE 코스닥150,엔켐,0.25
270810,RISE 코스닥150,SFA넥셀,0.23
270810,RISE 코스닥150,유일로보틱스,0.23
270810,RISE 코스닥150,선익시스템,0.23
270810,RISE 코스닥150,제이앤티씨,0.22
270810,RISE 코스닥150,SFA,0.22
270810,RISE 코스닥150,CJ ENM,0.22
270810,RISE 코스닥150,카페24,0.21
270810,RISE 코스닥150,오름테라퓨틱,0.21
270810,RISE 코스닥150,덕산네오룩스,0.21
270810,RISE 코스닥150,아이쓰리시스템,0.21
270810,RISE 코스닥150,젬백스,0.2
270810,RISE 코스닥150,서부T&D,0.2
270810,RISE 코스닥150,안랩,0.2
270810,RISE 코스닥150,아난티,0.19
270810,RISE 코스닥150,미래에셋벤처투자,0.18
270810,RISE 코스닥150,시노펙스,0.17
270810,RISE 코스닥150,우리기술투자,0.17
270810,RISE 코스닥150,네오셈,0.17
270810,RISE 코스닥150,코나아이,0.17
270810,RISE 코스닥150,한라캐스트,0.16
270810,RISE 코스닥150,NHN KCP,0.16
270810,RISE 코스닥150,위메이드,0.16
270810,RISE 코스닥150,동성화인텍,0.16
270810,RISE 코스닥150,컴투스,0.16
270810,RISE 코스닥150,SOOP,0.16
270810,RISE 코스닥150,가온칩스,0.16
270810,RISE 코스닥150,성우하이텍,0.15
270810,RISE 코스닥150,브이티,0.15
270810,RISE 코스닥150,포스코엠텍,0.15
270810,RISE 코스닥150,스튜디오드래곤,0.15
270810,RISE 코스닥150,이녹스첨단소재,0.15
270810,RISE 코스닥150,넥스틴,0.15
270810,RISE 코스닥150,삼표시멘트,0.14
270810,RISE 코스닥150,큐렉소,0.14
270810,RISE 코스닥150,인카금융서비스,0.14
270810,RISE 코스닥150,넥슨게임즈,0.14
270810,RISE 코스닥150,한컴,0.14
270810,RISE 코스닥150,천보,0.14
270810,RISE 코스닥150,펌텍코리아,0.14
270810,RISE 코스닥150,유진로봇,0.13
270810,RISE 코스닥150,다우데이타,0.13
270810,RISE 코스닥150,솔브레인홀딩스,0.13
270810,RISE 코스닥150,감성코퍼레이션,0.12
270810,RISE 코스닥150,웹젠,0.12
270810,RISE 코스닥150,네오위즈,0.12
270810,RISE 코스닥150,디어유,0.12
270810,RISE 코스닥150,메가스터디교육,0.12
270810,RISE 코스닥150,데브시스터즈,0.06
270810,RISE 코스닥150,위메이드맥스,0.05
270810,RISE 코스닥150,동화기업,0.04
270810,RISE 코스닥150,씨앤씨인터내셔널,0.04
471780,TIGER 코리아테크액티브,삼성전자,22.55
471780,TIGER 코리아테크액티브,SK하이닉스,21.36
471780,TIGER 코리아테크액티브,삼성전기,9.76
471780,TIGER 코리아테크액티브,삼화콘덴서,5.49
471780,TIGER 코리아테크액티브,HPSP,3.82
471780,TIGER 코리아테크액티브,피에스케이,3.79
471780,TIGER 코리아테크액티브,피에스케이홀딩스,3.68
471780,TIGER 코리아테크액티브,심텍,3.63
471780,TIGER 코리아테크액티브,테스,3.55
471780,TIGER 코리아테크액티브,이오테크닉스,3.55
471780,TIGER 코리아테크액티브,이수페타시스,3.5
471780,TIGER 코리아테크액티브,ISC,3.1
471780,TIGER 코리아테크액티브,GST,2.69
471780,TIGER 코리아테크액티브,두산,2.65
471780,TIGER 코리아테크액티브,두산테스나,1.69
471780,TIGER 코리아테크액티브,파두,1.61
471780,TIGER 코리아테크액티브,인텍플러스,1.34
471780,TIGER 코리아테크액티브,삼성SDI,1.04
471780,TIGER 코리아테크액티브,넥스틴,1.03
471780,TIGER 코리아테크액티브,원화현금,0.19
422420,RISE 2차전지액티브,삼성SDI,16.85
422420,RISE 2차전지액티브,대주전자재료,9.66
422420,RISE 2차전지액티브,SK이노베이션,9.37
422420,RISE 2차전지액티브,LG에너지솔루션,8.93
422420,RISE 2차전지액티브,POSCO홀딩스,8.14
422420,RISE 2차전지액티브,LS,8.03
422420,RISE 2차전지액티브,포스코퓨처엠,7.8
422420,RISE 2차전지액티브,엘앤에프,5.0
422420,RISE 2차전지액티브,에코프로,4.72
422420,RISE 2차전지액티브,에코프로비엠,4.59
422420,RISE 2차전지액티브,코스모신소재,3.87
422420,RISE 2차전지액티브,솔브레인,3.57
422420,RISE 2차전지액티브,롯데에너지머티리얼즈,2.77
422420,RISE 2차전지액티브,한솔케미칼,2.33
422420,RISE 2차전지액티브,한중엔시에스,1.97
422420,RISE 2차전지액티브,후성,1.96
422420,RISE 2차전지액티브,원화현금,0.45
266160,RISE 고배당,삼성전자,26.65
266160,RISE 고배당,SK하이닉스,26.4
266160,RISE 고배당,기아,5.62
266160,RISE 고배당,KB금융,4.29
266160,RISE 고배당,신한지주,3.46
266160,RISE 고배당,하나금융지주,3.06
266160,RISE 고배당,우리금융지주,2.7
266160,RISE 고배당,현대차,2.53
266160,RISE 고배당,삼성화재,2.21
266160,RISE 고배당,기업은행,2.04
266160,RISE 고배당,KT&G,1.55
266160,RISE 고배당,KT,1.3
266160,RISE 고배당,DB손해보험,1.29
266160,RISE 고배당,LG,1.04
266160,RISE 고배당,GS,0.97
266160,RISE 고배당,NH투자증권,0.96
266160,RISE 고배당,한국금융지주,0.81
266160,RISE 고배당,한국타이어앤테크놀로지,0.68
266160,RISE 고배당,삼성증권,0.66
266160,RISE 고배당,LG유플러스,0.64
266160,RISE 고배당,JB금융지주,0.63
266160,RISE 고배당,포스코인터내셔널,0.63
266160,RISE 고배당,삼성카드,0.62
266160,RISE 고배당,BNK금융지주,0.53
266160,RISE 고배당,키움증권,0.5
266160,RISE 고배당,서울보증보험,0.46
266160,RISE 고배당,강원랜드,0.42
266160,RISE 고배당,동서,0.31
266160,RISE 고배당,제일기획,0.3
266160,RISE 고배당,에스원,0.3
266160,RISE 고배당,iM금융지주,0.29
266160,RISE 고배당,코리안리,0.28
266160,RISE 고배당,한국앤컴퍼니,0.26
266160,RISE 고배당,미스토홀딩스,0.26
266160,RISE 고배당,KCC,0.25
266160,RISE 고배당,에스엘,0.23
266160,RISE 고배당,팬오션,0.21
266160,RISE 고배당,F&F,0.21
266160,RISE 고배당,지역난방공사,0.19
266160,RISE 고배당,LX인터내셔널,0.18
266160,RISE 고배당,롯데렌탈,0.18
266160,RISE 고배당,다우기술,0.17
266160,RISE 고배당,SK가스,0.17
266160,RISE 고배당,BGF리테일,0.16
266160,RISE 고배당,영원무역홀딩스,0.15
266160,RISE 고배당,효성,0.15
266160,RISE 고배당,오리온홀딩스,0.14
266160,RISE 고배당,DN오토모티브,0.13
266160,RISE 고배당,쿠쿠홀딩스,0.12
266160,RISE 고배당,현대지에프홀딩스,0.1
266160,RISE 고배당,이노션,0.1
266160,RISE 고배당,대신증권,0.09
266160,RISE 고배당,SNT홀딩스,0.09
266160,RISE 고배당,세방전지,0.09
266160,RISE 고배당,TKG휴켐스,0.08
266160,RISE 고배당,SNT모티브,0.08
266160,RISE 고배당,빙그레,0.08
266160,RISE 고배당,유안타증권,0.07
266160,RISE 고배당,쿠쿠홈시스,0.07
266160,RISE 고배당,SFA,0.07
266160,RISE 고배당,SNT다이내믹스,0.07
266160,RISE 고배당,KG스틸,0.06
266160,RISE 고배당,현대그린푸드,0.06
266160,RISE 고배당,메가스터디교육,0.06
266160,RISE 고배당,SOOP,0.06
266160,RISE 고배당,E1,0.06
266160,RISE 고배당,LX홀딩스,0.05
266160,RISE 고배당,한세실업,0.05
266160,RISE 고배당,웹젠,0.05
266160,RISE 고배당,LF,0.05
266160,RISE 고배당,컴투스,0.05
266160,RISE 고배당,풍산홀딩스,0.05
266160,RISE 고배당,한국단자,0.05
266160,RISE 고배당,NICE,0.04
266160,RISE 고배당,HL홀딩스,0.04
266160,RISE 고배당,세아제강,0.04
266160,RISE 고배당,파트론,0.03
266160,RISE 고배당,한섬,0.03
266160,RISE 고배당,교보증권,0.02
266160,RISE 고배당,원화현금,0.86
332930,HANARO 200TR,삼성전자,34.26
332930,HANARO 200TR,SK하이닉스,27.84
332930,HANARO 200TR,SK스퀘어,2.84
332930,HANARO 200TR,삼성전기,2.34
332930,HANARO 200TR,KB금융,1.36
332930,HANARO 200TR,현대차,1.25
332930,HANARO 200TR,신한지주,1.14
332930,HANARO 200TR,두산에너빌리티,0.94
332930,HANARO 200TR,한화에어로스페이스,0.93
332930,HANARO 200TR,삼성물산,0.89
332930,HANARO 200TR,삼성SDI,0.86
332930,HANARO 200TR,하나금융지주,0.85
332930,HANARO 200TR,셀트리온,0.76
332930,HANARO 200TR,기아,0.73
332930,HANARO 200TR,NAVER,0.68
332930,HANARO 200TR,삼성생명,0.65
332930,HANARO 200TR,LG전자,0.63
332930,HANARO 200TR,현대모비스,0.63
332930,HANARO 200TR,우리금융지주,0.6
332930,HANARO 200TR,POSCO홀딩스,0.56
332930,HANARO 200TR,SK,0.56
332930,HANARO 200TR,LG에너지솔루션,0.49
332930,HANARO 200TR,삼성화재,0.49
332930,HANARO 200TR,LS ELECTRIC,0.44
332930,HANARO 200TR,KT&G,0.43
332930,HANARO 200TR,HD한국조선해양,0.41
332930,HANARO 200TR,HD현대일렉트릭,0.41
332930,HANARO 200TR,삼성바이오로직스,0.39
332930,HANARO 200TR,효성중공업,0.38
332930,HANARO 200TR,HD현대중공업,0.37
332930,HANARO 200TR,삼성중공업,0.35
332930,HANARO 200TR,SK텔레콤,0.35
332930,HANARO 200TR,LG화학,0.32
332930,HANARO 200TR,KT,0.31
332930,HANARO 200TR,SK이노베이션,0.31
332930,HANARO 200TR,한미반도체,0.31
332930,HANARO 200TR,카카오,0.3
332930,HANARO 200TR,한화오션,0.28
332930,HANARO 200TR,LIG디펜스앤에어로스페이스,0.28
332930,HANARO 200TR,LG,0.27
332930,HANARO 200TR,메리츠금융지주,0.26
332930,HANARO 200TR,두산,0.26
332930,HANARO 200TR,한국전력,0.25
332930,HANARO 200TR,한국항공우주,0.25
332930,HANARO 200TR,HD현대,0.24
332930,HANARO 200TR,에이피알,0.24
332930,HANARO 200TR,현대건설,0.23
332930,HANARO 200TR,현대로템,0.23
332930,HANARO 200TR,미래에셋증권,0.22
332930,HANARO 200TR,삼성에스디에스,0.22
332930,HANARO 200TR,LG이노텍,0.22
332930,HANARO 200TR,고려아연,0.22
332930,HANARO 200TR,대한항공,0.21
332930,HANARO 200TR,삼성E&A,0.2
332930,HANARO 200TR,한국금융지주,0.2
332930,HANARO 200TR,DB손해보험,0.2
332930,HANARO 200TR,현대글로비스,0.2
332930,HANARO 200TR,S-Oil,0.19
332930,HANARO 200TR,카카오뱅크,0.18
332930,HANARO 200TR,HMM,0.18
332930,HANARO 200TR,이수페타시스,0.18
332930,HANARO 200TR,포스코퓨처엠,0.18
332930,HANARO 200TR,한진칼,0.17
332930,HANARO 200TR,한화시스템,0.16
332930,HANARO 200TR,기업은행,0.15
332930,HANARO 200TR,삼성증권,0.15
332930,HANARO 200TR,코웨이,0.15
332930,HANARO 200TR,크래프톤,0.15
332930,HANARO 200TR,한화솔루션,0.14
332930,HANARO 200TR,GS,0.13
332930,HANARO 200TR,LS,0.13
332930,HANARO 200TR,삼양식품,0.13
332930,HANARO 200TR,JB금융지주,0.12
332930,HANARO 200TR,한국타이어앤테크놀로지,0.12
332930,HANARO 200TR,HD현대마린솔루션,0.12
332930,HANARO 200TR,LG유플러스,0.11
332930,HANARO 200TR,BNK금융지주,0.11
332930,HANARO 200TR,NH투자증권,0.11
332930,HANARO 200TR,유한양행,0.11
332930,HANARO 200TR,아모레퍼시픽,0.11
332930,HANARO 200TR,DB하이텍,0.11
332930,HANARO 200TR,NC,0.11
332930,HANARO 200TR,키움증권,0.11
332930,HANARO 200TR,대한전선,0.1
332930,HANARO 200TR,하이브,0.1
332930,HANARO 200TR,산일전기,0.1
332930,HANARO 200TR,대우건설,0.09
332930,HANARO 200TR,LG씨엔에스,0.09
332930,HANARO 200TR,엘앤에프,0.09
332930,HANARO 200TR,HD건설기계,0.09
332930,HANARO 200TR,두산밥캣,0.08
332930,HANARO 200TR,SK바이오팜,0.08
332930,HANARO 200TR,OCI홀딩스,0.08
332930,HANARO 200TR,한미약품,0.08
332930,HANARO 200TR,LG디스플레이,0.07
332930,HANARO 200TR,iM금융지주,0.07
332930,HANARO 200TR,현대제철,0.07
332930,HANARO 200TR,현대해상,0.07
332930,HANARO 200TR,한화엔진,0.07
332930,HANARO 200TR,포스코인터내셔널,0.07
332930,HANARO 200TR,SKC,0.07
332930,HANARO 200TR,한화,0.07
332930,HANARO 200TR,한솔케미칼,0.07
332930,HANARO 200TR,LG생활건강,0.07
332930,HANARO 200TR,두산로보틱스,0.06
332930,HANARO 200TR,DL이앤씨,0.06
332930,HANARO 200TR,오리온,0.06
332930,HANARO 200TR,한전기술,0.06
332930,HANARO 200TR,한국콜마,0.06
332930,HANARO 200TR,코스맥스,0.06
332930,HANARO 200TR,현대오토에버,0.06
332930,HANARO 200TR,한화생명,0.05
332930,HANARO 200TR,현대엘리베이터,0.05
332930,HANARO 200TR,에스원,0.05
332930,HANARO 200TR,금호석유화학,0.05
332930,HANARO 200TR,CJ,0.05
332930,HANARO 200TR,달바글로벌,0.05
332930,HANARO 200TR,신세계,0.05
332930,HANARO 200TR,삼성에피스홀딩스,0.05
332930,HANARO 200TR,KCC,0.05
332930,HANARO 200TR,한온시스템,0.04
332930,HANARO 200TR,팬오션,0.04
332930,HANARO 200TR,강원랜드,0.04
332930,HANARO 200TR,에코프로머티,0.04
332930,HANARO 200TR,한국가스공사,0.04
332930,HANARO 200TR,카카오페이,0.04
332930,HANARO 200TR,한올바이오파마,0.04
332930,HANARO 200TR,HL만도,0.04
332930,HANARO 200TR,한미사이언스,0.04
332930,HANARO 200TR,씨에스윈드,0.04
332930,HANARO 200TR,영원무역,0.04
332930,HANARO 200TR,이수스페셜티케미컬,0.04
332930,HANARO 200TR,이마트,0.04
332930,HANARO 200TR,풍산,0.04
332930,HANARO 200TR,CJ제일제당,0.04
332930,HANARO 200TR,제일기획,0.03
332930,HANARO 200TR,포스코DX,0.03
332930,HANARO 200TR,넷마블,0.03
332930,HANARO 200TR,호텔신라,0.03
332930,HANARO 200TR,미스토홀딩스,0.03
332930,HANARO 200TR,삼성카드,0.03
332930,HANARO 200TR,SK바이오사이언스,0.03
332930,HANARO 200TR,한전KPS,0.03
332930,HANARO 200TR,HD현대마린엔진,0.03
332930,HANARO 200TR,DN오토모티브,0.03
332930,HANARO 200TR,코오롱인더,0.03
332930,HANARO 200TR,롯데케미칼,0.03
332930,HANARO 200TR,F&F,0.03
332930,HANARO 200TR,현대백화점,0.03
332930,HANARO 200TR,롯데쇼핑,0.03
332930,HANARO 200TR,BGF리테일,0.03
332930,HANARO 200TR,농심,0.03
332930,HANARO 200TR,금호타이어,0.02
332930,HANARO 200TR,후성,0.02
332930,HANARO 200TR,SK아이이테크놀로지,0.02
332930,HANARO 200TR,GS리테일,0.02
332930,HANARO 200TR,한국카본,0.02
332930,HANARO 200TR,동서,0.02
332930,HANARO 200TR,롯데지주,0.02
332930,HANARO 200TR,아모레퍼시픽홀딩스,0.02
332930,HANARO 200TR,한국앤컴퍼니,0.02
332930,HANARO 200TR,에스엘,0.02
332930,HANARO 200TR,현대위아,0.02
332930,HANARO 200TR,롯데정밀화학,0.02
332930,HANARO 200TR,세아베스틸지주,0.02
332930,HANARO 200TR,CJ대한통운,0.02
332930,HANARO 200TR,더블유게임즈,0.02
332930,HANARO 200TR,녹십자,0.02
332930,HANARO 200TR,영원무역홀딩스,0.02
332930,HANARO 200TR,효성티앤씨,0.02
332930,HANARO 200TR,파라다이스,0.01
332930,HANARO 200TR,에스디바이오센서,0.01
332930,HANARO 200TR,하이트진로,0.01
332930,HANARO 200TR,코스모화학,0.01
332930,HANARO 200TR,TKG휴켐스,0.01
332930,HANARO 200TR,한일시멘트,0.01
332930,HANARO 200TR,오리온홀딩스,0.01
332930,HANARO 200TR,대상,0.01
332930,HANARO 200TR,대웅,0.01
332930,HANARO 200TR,DL,0.01
332930,HANARO 200TR,동원산업,0.01
332930,HANARO 200TR,SK케미칼,0.01
332930,HANARO 200TR,종근당,0.01
332930,HANARO 200TR,한샘,0.01
332930,HANARO 200TR,대웅제약,0.01
332930,HANARO 200TR,OCI,0.01
332930,HANARO 200TR,대한유화,0.01
332930,HANARO 200TR,롯데칠성,0.01
332930,HANARO 200TR,롯데웰푸드,0.01
332930,HANARO 200TR,지역난방공사,0.01
332930,HANARO 200TR,HS효성첨단소재,0.01
332930,HANARO 200TR,오뚜기,0.01
332930,HANARO 200TR,아세아,0.01
332930,HANARO 200TR,원화현금,0.13
0093A0,RISE AI반도체TOP10,삼성전자,12.7
0093A0,RISE AI반도체TOP10,ISC,12.39
0093A0,RISE AI반도체TOP10,원익IPS,11.24
0093A0,RISE AI반도체TOP10,한미반도체,10.76
0093A0,RISE AI반도체TOP10,SK하이닉스,10.76
0093A0,RISE AI반도체TOP10,파두,10.2
0093A0,RISE AI반도체TOP10,제주반도체,10.14
0093A0,RISE AI반도체TOP10,피에스케이홀딩스,9.75
0093A0,RISE AI반도체TOP10,SK스퀘어,7.44
0093A0,RISE AI반도체TOP10,와이씨,4.61
463050,TIME K바이오액티브,알테오젠,12.07
463050,TIME K바이오액티브,셀트리온,11.55
463050,TIME K바이오액티브,올릭스,11.21
463050,TIME K바이오액티브,한미약품,8.2
463050,TIME K바이오액티브,지투지바이오,6.4
463050,TIME K바이오액티브,한올바이오파마,5.69
463050,TIME K바이오액티브,리가켐바이오,5.11
463050,TIME K바이오액티브,삼성바이오로직스,4.9
463050,TIME K바이오액티브,보로노이,4.35
463050,TIME K바이오액티브,알지노믹스,3.73
463050,TIME K바이오액티브,디앤디파마텍,3.71
463050,TIME K바이오액티브,인제니아테라퓨틱스(Reg.S),3.41
463050,TIME K바이오액티브,에이비엘바이오,3.38
463050,TIME K바이오액티브,에스티팜,3.04
463050,TIME K바이오액티브,인벤티지랩,2.71
463050,TIME K바이오액티브,씨어스,2.49
463050,TIME K바이오액티브,HLB,2.09
463050,TIME K바이오액티브,오스코텍,1.9
463050,TIME K바이오액티브,파마리서치,1.58
463050,TIME K바이오액티브,리브스메드,1.26
463050,TIME K바이오액티브,에이프릴바이오,0.76
463050,TIME K바이오액티브,원화현금,0.48
0153K0,KODEX 주주환원고배당주,우리금융지주,8.56
0153K0,KODEX 주주환원고배당주,하나금융지주,8.33
0153K0,KODEX 주주환원고배당주,KT&G,7.86
0153K0,KODEX 주주환원고배당주,미스토홀딩스,7.85
0153K0,KODEX 주주환원고배당주,KB금융,7.78
0153K0,KODEX 주주환원고배당주,신한지주,7.77
0153K0,KODEX 주주환원고배당주,JB금융지주,7.19
0153K0,KODEX 주주환원고배당주,KT,5.55
0153K0,KODEX 주주환원고배당주,제일기획,4.5
0153K0,KODEX 주주환원고배당주,iM금융지주,4.45
0153K0,KODEX 주주환원고배당주,BNK금융지주,3.85
0153K0,KODEX 주주환원고배당주,DB손해보험,3.82
0153K0,KODEX 주주환원고배당주,SOOP,2.14
0153K0,KODEX 주주환원고배당주,GS,1.72
0153K0,KODEX 주주환원고배당주,LG유플러스,1.54
0153K0,KODEX 주주환원고배당주,LX인터내셔널,1.33
0153K0,KODEX 주주환원고배당주,코리안리,1.32
0153K0,KODEX 주주환원고배당주,SK가스,1.29
0153K0,KODEX 주주환원고배당주,한국앤컴퍼니,1.23
0153K0,KODEX 주주환원고배당주,TKG휴켐스,1.2
0153K0,KODEX 주주환원고배당주,풍산홀딩스,1.18
0153K0,KODEX 주주환원고배당주,포스코인터내셔널,1.16
0153K0,KODEX 주주환원고배당주,삼성카드,1.09
0153K0,KODEX 주주환원고배당주,삼성증권,1.09
0153K0,KODEX 주주환원고배당주,이노션,1.08
0153K0,KODEX 주주환원고배당주,오리온홀딩스,1.06
0153K0,KODEX 주주환원고배당주,한국타이어앤테크놀로지,1.06
0153K0,KODEX 주주환원고배당주,NH투자증권,1.02
0153K0,KODEX 주주환원고배당주,에스엘,0.89
0153K0,KODEX 주주환원고배당주,키움증권,0.85
0153K0,KODEX 주주환원고배당주,원화현금,0.26
494220,UNICORN SK하이닉스밸류체인액티브,SK스퀘어,21.53
494220,UNICORN SK하이닉스밸류체인액티브,SK하이닉스,20.94
494220,UNICORN SK하이닉스밸류체인액티브,샘씨엔에스,5.11
494220,UNICORN SK하이닉스밸류체인액티브,피에스케이홀딩스,5.05
494220,UNICORN SK하이닉스밸류체인액티브,디아이,4.42
494220,UNICORN SK하이닉스밸류체인액티브,심텍,4.32
494220,UNICORN SK하이닉스밸류체인액티브,티씨케이,4.09
494220,UNICORN SK하이닉스밸류체인액티브,삼성전기,3.86
494220,UNICORN SK하이닉스밸류체인액티브,유진테크,3.63
494220,UNICORN SK하이닉스밸류체인액티브,피에스케이,3.32
494220,UNICORN SK하이닉스밸류체인액티브,이오테크닉스,3.3
494220,UNICORN SK하이닉스밸류체인액티브,LG이노텍,2.97
494220,UNICORN SK하이닉스밸류체인액티브,하나마이크론,2.9
494220,UNICORN SK하이닉스밸류체인액티브,테스,2.55
494220,UNICORN SK하이닉스밸류체인액티브,제주반도체,2.5
494220,UNICORN SK하이닉스밸류체인액티브,두산,2.3
494220,UNICORN SK하이닉스밸류체인액티브,테크윙,2.0
494220,UNICORN SK하이닉스밸류체인액티브,HPSP,1.92
494220,UNICORN SK하이닉스밸류체인액티브,브이엠,1.76
494220,UNICORN SK하이닉스밸류체인액티브,GST,1.0
494220,UNICORN SK하이닉스밸류체인액티브,원화현금,0.54
471760,TIGER AI반도체핵심공정,삼성전기,22.68
471760,TIGER AI반도체핵심공정,이수페타시스,17.01
471760,TIGER AI반도체핵심공정,LG이노텍,13.31
471760,TIGER AI반도체핵심공정,대덕전자,11.32
471760,TIGER AI반도체핵심공정,원익IPS,11.31
471760,TIGER AI반도체핵심공정,이오테크닉스,3.18
471760,TIGER AI반도체핵심공정,리노공업,3.11
471760,TIGER AI반도체핵심공정,심텍,3.04
471760,TIGER AI반도체핵심공정,HPSP,2.61
471760,TIGER AI반도체핵심공정,ISC,2.12
471760,TIGER AI반도체핵심공정,피에스케이홀딩스,2.01
471760,TIGER AI반도체핵심공정,유진테크,1.97
471760,TIGER AI반도체핵심공정,하나마이크론,1.66
471760,TIGER AI반도체핵심공정,테크윙,0.98
471760,TIGER AI반도체핵심공정,코리아써키트,0.96
471760,TIGER AI반도체핵심공정,SFA반도체,0.91
471760,TIGER AI반도체핵심공정,브이엠,0.79
471760,TIGER AI반도체핵심공정,에스앤에스텍,0.54
471760,TIGER AI반도체핵심공정,원화현금,0.48
457990,PLUS 태양광&ESS,한화솔루션,25.62
457990,PLUS 태양광&ESS,OCI홀딩스,16.77
457990,PLUS 태양광&ESS,HD현대에너지솔루션,13.73
457990,PLUS 태양광&ESS,삼성SDI,10.67
457990,PLUS 태양광&ESS,LG에너지솔루션,8.69
457990,PLUS 태양광&ESS,LS ELECTRIC,7.22
457990,PLUS 태양광&ESS,SK이터닉스,6.16
457990,PLUS 태양광&ESS,레이크머티리얼즈,4.02
457990,PLUS 태양광&ESS,에코프로비엠,3.7
457990,PLUS 태양광&ESS,포스코퓨처엠,3.43
0151P0,RISE 코리아전략산업액티브,삼성전자,30.85
0151P0,RISE 코리아전략산업액티브,SK하이닉스,21.85
0151P0,RISE 코리아전략산업액티브,테스,7.08
0151P0,RISE 코리아전략산업액티브,SK스퀘어,5.75
0151P0,RISE 코리아전략산업액티브,삼성전기,5.57
0151P0,RISE 코리아전략산업액티브,피에스케이,5.23
0151P0,RISE 코리아전략산업액티브,두산에너빌리티,4.28
0151P0,RISE 코리아전략산업액티브,LS ELECTRIC,3.66
0151P0,RISE 코리아전략산업액티브,LS,3.31
0151P0,RISE 코리아전략산업액티브,효성중공업,2.91
0151P0,RISE 코리아전략산업액티브,NAVER,2.83
0151P0,RISE 코리아전략산업액티브,두산,2.8
0151P0,RISE 코리아전략산업액티브,이수페타시스,1.69
0151P0,RISE 코리아전략산업액티브,현대모비스,1.25
0151P0,RISE 코리아전략산업액티브,로보티즈,0.93
0199C0,ACE 고배당주Plus커버드콜액티브,삼성전자,9.86
0199C0,ACE 고배당주Plus커버드콜액티브,SK하이닉스,9.45
0199C0,ACE 고배당주Plus커버드콜액티브,삼성화재,6.85
0199C0,ACE 고배당주Plus커버드콜액티브,DB손해보험,5.79
0199C0,ACE 고배당주Plus커버드콜액티브,코리안리,5.73
0199C0,ACE 고배당주Plus커버드콜액티브,한국앤컴퍼니,5.14
0199C0,ACE 고배당주Plus커버드콜액티브,JB금융지주,5.11
0199C0,ACE 고배당주Plus커버드콜액티브,우리금융지주,4.73
0199C0,ACE 고배당주Plus커버드콜액티브,삼성증권,4.6
0199C0,ACE 고배당주Plus커버드콜액티브,신한지주,4.21
0199C0,ACE 고배당주Plus커버드콜액티브,하나금융지주,4.15
0199C0,ACE 고배당주Plus커버드콜액티브,KB금융,4.15
0199C0,ACE 고배당주Plus커버드콜액티브,NH투자증권,3.99
0199C0,ACE 고배당주Plus커버드콜액티브,BNK금융지주,3.95
0199C0,ACE 고배당주Plus커버드콜액티브,유안타증권,3.64
0199C0,ACE 고배당주Plus커버드콜액티브,기아,3.5
0199C0,ACE 고배당주Plus커버드콜액티브,iM금융지주,3.43
0199C0,ACE 고배당주Plus커버드콜액티브,현대엘리베이터,3.31
0199C0,ACE 고배당주Plus커버드콜액티브,빙그레,3.27
0199C0,ACE 고배당주Plus커버드콜액티브,한국금융지주,3.24
0199C0,ACE 고배당주Plus커버드콜액티브,신영증권,1.9
143860,TIGER 헬스케어,셀트리온,21.77
143860,TIGER 헬스케어,삼성바이오로직스,12.88
143860,TIGER 헬스케어,알테오젠,12.24
143860,TIGER 헬스케어,HLB,4.22
143860,TIGER 헬스케어,유한양행,3.65
143860,TIGER 헬스케어,한미약품,2.83
143860,TIGER 헬스케어,SK바이오팜,2.64
143860,TIGER 헬스케어,삼천당제약,2.55
143860,TIGER 헬스케어,펩트론,2.48
143860,TIGER 헬스케어,에이비엘바이오,1.9
143860,TIGER 헬스케어,리가켐바이오,1.9
143860,TIGER 헬스케어,파마리서치,1.88
143860,TIGER 헬스케어,삼성에피스홀딩스,1.79
143860,TIGER 헬스케어,올릭스,1.75
143860,TIGER 헬스케어,한올바이오파마,1.46
143860,TIGER 헬스케어,디앤디파마텍,1.39
143860,TIGER 헬스케어,한미사이언스,1.38
143860,TIGER 헬스케어,보로노이,1.37
143860,TIGER 헬스케어,네이처셀,1.12
143860,TIGER 헬스케어,오스코텍,1.07
143860,TIGER 헬스케어,에스티팜,1.06
143860,TIGER 헬스케어,엘앤씨바이오,1.04
143860,TIGER 헬스케어,씨젠,0.91
143860,TIGER 헬스케어,휴젤,0.88
143860,TIGER 헬스케어,SK바이오사이언스,0.84
143860,TIGER 헬스케어,클래시스,0.78
143860,TIGER 헬스케어,스피어,0.77
143860,TIGER 헬스케어,큐리옥스바이오시스템즈,0.74
143860,TIGER 헬스케어,제이에스링크,0.72
143860,TIGER 헬스케어,큐리언트,0.7
143860,TIGER 헬스케어,셀트리온제약,0.68
143860,TIGER 헬스케어,씨어스,0.65
143860,TIGER 헬스케어,에임드바이오,0.61
143860,TIGER 헬스케어,루닛,0.6
143860,TIGER 헬스케어,파미셀,0.6
143860,TIGER 헬스케어,녹십자,0.6
143860,TIGER 헬스케어,케어젠,0.59
143860,TIGER 헬스케어,알지노믹스,0.56
143860,TIGER 헬스케어,HK이노엔,0.52
143860,TIGER 헬스케어,차바이오텍,0.5
143860,TIGER 헬스케어,리브스메드,0.5
143860,TIGER 헬스케어,동국제약,0.49
143860,TIGER 헬스케어,지투지바이오,0.48
143860,TIGER 헬스케어,종근당,0.46
143860,TIGER 헬스케어,대웅제약,0.44
143860,TIGER 헬스케어,오름테라퓨틱,0.34
143860,TIGER 헬스케어,에이프릴바이오,0.33
143860,TIGER 헬스케어,로킷헬스케어,0.33
0209D0,KODEX 전고체배터리ESS TOP2플러스,LG에너지솔루션,24.55
0209D0,KODEX 전고체배터리ESS TOP2플러스,삼성SDI,23.46
0209D0,KODEX 전고체배터리ESS TOP2플러스,이수스페셜티케미컬,10.42
0209D0,KODEX 전고체배터리ESS TOP2플러스,대주전자재료,8.32
0209D0,KODEX 전고체배터리ESS TOP2플러스,롯데에너지머티리얼즈,7.3
0209D0,KODEX 전고체배터리ESS TOP2플러스,포스코퓨처엠,5.53
0209D0,KODEX 전고체배터리ESS TOP2플러스,서진시스템,5.23
0209D0,KODEX 전고체배터리ESS TOP2플러스,상신이디피,4.86
0209D0,KODEX 전고체배터리ESS TOP2플러스,한중엔시에스,3.82
0209D0,KODEX 전고체배터리ESS TOP2플러스,엘앤에프,3.7
0209D0,KODEX 전고체배터리ESS TOP2플러스,SFA넥셀,2.81
448100,WON 200,삼성전자,34.92
448100,WON 200,SK하이닉스,27.66
448100,WON 200,SK스퀘어,2.84
448100,WON 200,삼성전기,2.35
448100,WON 200,KB금융,1.36
448100,WON 200,현대차,1.26
448100,WON 200,신한지주,1.16
448100,WON 200,두산에너빌리티,0.94
448100,WON 200,한화에어로스페이스,0.91
448100,WON 200,삼성물산,0.9
448100,WON 200,하나금융지주,0.86
448100,WON 200,삼성SDI,0.86
448100,WON 200,셀트리온,0.77
448100,WON 200,기아,0.74
448100,WON 200,NAVER,0.68
448100,WON 200,삼성생명,0.66
448100,WON 200,현대모비스,0.64
448100,WON 200,LG전자,0.63
448100,WON 200,우리금융지주,0.61
448100,WON 200,POSCO홀딩스,0.56
448100,WON 200,SK,0.56
448100,WON 200,LG에너지솔루션,0.49
448100,WON 200,삼성화재,0.49
448100,WON 200,LS ELECTRIC,0.44
448100,WON 200,KT&G,0.43
448100,WON 200,HD현대일렉트릭,0.41
448100,WON 200,HD한국조선해양,0.4
448100,WON 200,삼성중공업,0.36
448100,WON 200,HD현대중공업,0.36
448100,WON 200,SK텔레콤,0.35
448100,WON 200,삼성바이오로직스,0.34
448100,WON 200,LG화학,0.33
448100,WON 200,KT,0.31
448100,WON 200,SK이노베이션,0.31
448100,WON 200,한미반도체,0.31
448100,WON 200,카카오,0.3
448100,WON 200,효성중공업,0.3
448100,WON 200,한화오션,0.28
448100,WON 200,LG,0.27
448100,WON 200,LIG디펜스앤에어로스페이스,0.27
448100,WON 200,한국전력,0.26
448100,WON 200,메리츠금융지주,0.26
448100,WON 200,한국항공우주,0.25
448100,WON 200,HD현대,0.24
448100,WON 200,두산,0.24
448100,WON 200,미래에셋증권,0.23
448100,WON 200,현대건설,0.23
448100,WON 200,현대로템,0.23
448100,WON 200,에이피알,0.23
448100,WON 200,삼성에스디에스,0.22
448100,WON 200,대한항공,0.21
448100,WON 200,삼성E&A,0.2
448100,WON 200,DB손해보험,0.2
448100,WON 200,현대글로비스,0.2
448100,WON 200,LG이노텍,0.2
448100,WON 200,한국금융지주,0.19
448100,WON 200,고려아연,0.19
448100,WON 200,카카오뱅크,0.18
448100,WON 200,HMM,0.18
448100,WON 200,이수페타시스,0.18
448100,WON 200,S-Oil,0.18
448100,WON 200,포스코퓨처엠,0.18
448100,WON 200,한화시스템,0.16
448100,WON 200,한진칼,0.16
448100,WON 200,기업은행,0.15
448100,WON 200,삼성증권,0.15
448100,WON 200,코웨이,0.15
448100,WON 200,크래프톤,0.15
448100,WON 200,GS,0.13
448100,WON 200,LS,0.13
448100,WON 200,BNK금융지주,0.12
448100,WON 200,JB금융지주,0.12
448100,WON 200,유한양행,0.12
448100,WON 200,HD현대마린솔루션,0.12
448100,WON 200,LG유플러스,0.11
448100,WON 200,NH투자증권,0.11
448100,WON 200,한화솔루션,0.11
448100,WON 200,한국타이어앤테크놀로지,0.11
448100,WON 200,아모레퍼시픽,0.11
448100,WON 200,DB하이텍,0.11
448100,WON 200,NC,0.11
448100,WON 200,대한전선,0.1
448100,WON 200,하이브,0.1
448100,WON 200,산일전기,0.1
448100,WON 200,키움증권,0.1
448100,WON 200,대우건설,0.09
448100,WON 200,LG씨엔에스,0.09
448100,WON 200,엘앤에프,0.09
448100,WON 200,HD건설기계,0.09
448100,WON 200,삼양식품,0.09
448100,WON 200,두산밥캣,0.08
448100,WON 200,SK바이오팜,0.08
448100,WON 200,OCI홀딩스,0.08
448100,WON 200,LG디스플레이,0.07
448100,WON 200,iM금융지주,0.07
448100,WON 200,현대제철,0.07
448100,WON 200,현대해상,0.07
448100,WON 200,한화엔진,0.07
448100,WON 200,포스코인터내셔널,0.07
448100,WON 200,SKC,0.07
448100,WON 200,한화,0.07
448100,WON 200,한솔케미칼,0.07
448100,WON 200,LG생활건강,0.07
448100,WON 200,한미약품,0.07
448100,WON 200,두산로보틱스,0.06
448100,WON 200,DL이앤씨,0.06
448100,WON 200,오리온,0.06
448100,WON 200,한전기술,0.06
448100,WON 200,한국콜마,0.06
448100,WON 200,코스맥스,0.06
448100,WON 200,한화생명,0.05
448100,WON 200,현대엘리베이터,0.05
448100,WON 200,에스원,0.05
448100,WON 200,금호석유화학,0.05
448100,WON 200,CJ,0.05
448100,WON 200,달바글로벌,0.05
448100,WON 200,삼성에피스홀딩스,0.05
448100,WON 200,신세계,0.05
448100,WON 200,현대오토에버,0.05
448100,WON 200,KCC,0.05
448100,WON 200,한온시스템,0.04
448100,WON 200,팬오션,0.04
448100,WON 200,강원랜드,0.04
448100,WON 200,에코프로머티,0.04
448100,WON 200,한국가스공사,0.04
448100,WON 200,카카오페이,0.04
448100,WON 200,한올바이오파마,0.04
448100,WON 200,HL만도,0.04
448100,WON 200,한미사이언스,0.04
448100,WON 200,씨에스윈드,0.04
448100,WON 200,영원무역,0.04
448100,WON 200,이마트,0.04
448100,WON 200,이수스페셜티케미컬,0.04
448100,WON 200,제일기획,0.03
448100,WON 200,포스코DX,0.03
448100,WON 200,넷마블,0.03
448100,WON 200,미스토홀딩스,0.03
448100,WON 200,호텔신라,0.03
448100,WON 200,삼성카드,0.03
448100,WON 200,한전KPS,0.03
448100,WON 200,HD현대마린엔진,0.03
448100,WON 200,코오롱인더,0.03
448100,WON 200,DN오토모티브,0.03
448100,WON 200,롯데케미칼,0.03
448100,WON 200,풍산,0.03
448100,WON 200,현대백화점,0.03
448100,WON 200,롯데쇼핑,0.03
448100,WON 200,BGF리테일,0.03
448100,WON 200,CJ제일제당,0.03
448100,WON 200,농심,0.03
448100,WON 200,금호타이어,0.02
448100,WON 200,후성,0.02
448100,WON 200,SK아이이테크놀로지,0.02
448100,WON 200,GS리테일,0.02
448100,WON 200,한국카본,0.02
448100,WON 200,동서,0.02
448100,WON 200,롯데지주,0.02
448100,WON 200,SK바이오사이언스,0.02
448100,WON 200,아모레퍼시픽홀딩스,0.02
448100,WON 200,한국앤컴퍼니,0.02
448100,WON 200,에스엘,0.02
448100,WON 200,롯데정밀화학,0.02
448100,WON 200,현대위아,0.02
448100,WON 200,F&F,0.02
448100,WON 200,CJ대한통운,0.02
448100,WON 200,녹십자,0.02
448100,WON 200,영원무역홀딩스,0.02
448100,WON 200,파라다이스,0.01
448100,WON 200,에스디바이오센서,0.01
448100,WON 200,하이트진로,0.01
448100,WON 200,코스모화학,0.01
448100,WON 200,한일시멘트,0.01
448100,WON 200,TKG휴켐스,0.01
448100,WON 200,오리온홀딩스,0.01
448100,WON 200,대상,0.01
448100,WON 200,대웅,0.01
448100,WON 200,세아베스틸지주,0.01
448100,WON 200,DL,0.01
448100,WON 200,더블유게임즈,0.01
448100,WON 200,동원산업,0.01
448100,WON 200,SK케미칼,0.01
448100,WON 200,종근당,0.01
448100,WON 200,한샘,0.01
448100,WON 200,대웅제약,0.01
448100,WON 200,OCI,0.01
448100,WON 200,대한유화,0.01
448100,WON 200,롯데칠성,0.01
448100,WON 200,오뚜기,0.01
448100,WON 200,효성티앤씨,0.01
448100,WON 200,HS효성첨단소재,0.01
328370,PLUS 코스피TR,삼성전자,28.74
328370,PLUS 코스피TR,SK하이닉스,23.58
328370,PLUS 코스피TR,SK스퀘어,2.76
328370,PLUS 코스피TR,삼성전기,2.16
328370,PLUS 코스피TR,LG에너지솔루션,1.56
328370,PLUS 코스피TR,현대차,1.28
328370,PLUS 코스피TR,삼성바이오로직스,1.17
328370,PLUS 코스피TR,KB금융,1.1
328370,PLUS 코스피TR,삼성물산,1.05
328370,PLUS 코스피TR,한화에어로스페이스,1.03
328370,PLUS 코스피TR,삼성생명,1.02
328370,PLUS 코스피TR,두산에너빌리티,0.92
328370,PLUS 코스피TR,신한지주,0.9
328370,PLUS 코스피TR,HD현대중공업,0.82
328370,PLUS 코스피TR,삼성SDI,0.8
328370,PLUS 코스피TR,기아,0.78
328370,PLUS 코스피TR,SK,0.77
328370,PLUS 코스피TR,셀트리온,0.74
328370,PLUS 코스피TR,LG전자,0.66
328370,PLUS 코스피TR,하나금융지주,0.65
328370,PLUS 코스피TR,현대모비스,0.64
328370,PLUS 코스피TR,NAVER,0.55
328370,PLUS 코스피TR,LS ELECTRIC,0.53
328370,PLUS 코스피TR,삼성화재,0.51
328370,PLUS 코스피TR,SK이노베이션,0.48
328370,PLUS 코스피TR,한미반도체,0.48
328370,PLUS 코스피TR,POSCO홀딩스,0.47
328370,PLUS 코스피TR,HD현대일렉트릭,0.45
328370,PLUS 코스피TR,우리금융지주,0.43
328370,PLUS 코스피TR,한화오션,0.42
328370,PLUS 코스피TR,효성중공업,0.42
328370,PLUS 코스피TR,메리츠금융지주,0.41
328370,PLUS 코스피TR,HD한국조선해양,0.41
328370,PLUS 코스피TR,두산,0.41
328370,PLUS 코스피TR,고려아연,0.38
328370,PLUS 코스피TR,HMM,0.37
328370,PLUS 코스피TR,KT&G,0.37
328370,PLUS 코스피TR,LG화학,0.35
328370,PLUS 코스피TR,한국전력,0.34
328370,PLUS 코스피TR,SK텔레콤,0.34
328370,PLUS 코스피TR,LG,0.33
328370,PLUS 코스피TR,미래에셋증권,0.32
328370,PLUS 코스피TR,삼성중공업,0.31
328370,PLUS 코스피TR,삼성에스디에스,0.31
328370,PLUS 코스피TR,S-Oil,0.3
328370,PLUS 코스피TR,포스코퓨처엠,0.3
328370,PLUS 코스피TR,기업은행,0.29
328370,PLUS 코스피TR,한화시스템,0.29
328370,PLUS 코스피TR,현대글로비스,0.29
328370,PLUS 코스피TR,에이피알,0.28
328370,PLUS 코스피TR,카카오,0.27
328370,PLUS 코스피TR,HD현대,0.27
328370,PLUS 코스피TR,LIG디펜스앤에어로스페이스,0.27
328370,PLUS 코스피TR,한국항공우주,0.25
328370,PLUS 코스피TR,현대건설,0.24
328370,PLUS 코스피TR,현대로템,0.24
328370,PLUS 코스피TR,KT,0.23
328370,PLUS 코스피TR,DB손해보험,0.23
328370,PLUS 코스피TR,LG이노텍,0.23
328370,PLUS 코스피TR,HD현대마린솔루션,0.22
328370,PLUS 코스피TR,현대오토에버,0.21
328370,PLUS 코스피TR,대한항공,0.2
328370,PLUS 코스피TR,한국금융지주,0.19
328370,PLUS 코스피TR,삼성에피스홀딩스,0.18
328370,PLUS 코스피TR,카카오뱅크,0.17
328370,PLUS 코스피TR,삼성E&A,0.17
328370,PLUS 코스피TR,포스코인터내셔널,0.17
328370,PLUS 코스피TR,LS,0.17
328370,PLUS 코스피TR,GS,0.16
328370,PLUS 코스피TR,이수페타시스,0.16
328370,PLUS 코스피TR,한진칼,0.16
328370,PLUS 코스피TR,크래프톤,0.16
328370,PLUS 코스피TR,NH투자증권,0.15
328370,PLUS 코스피TR,한미약품,0.15
328370,PLUS 코스피TR,대우건설,0.14
328370,PLUS 코스피TR,삼성증권,0.14
328370,PLUS 코스피TR,아모레퍼시픽,0.14
328370,PLUS 코스피TR,한화솔루션,0.13
328370,PLUS 코스피TR,LG씨엔에스,0.13
328370,PLUS 코스피TR,대한전선,0.12
328370,PLUS 코스피TR,한국타이어앤테크놀로지,0.12
328370,PLUS 코스피TR,코웨이,0.12
328370,PLUS 코스피TR,HD건설기계,0.12
328370,PLUS 코스피TR,한화,0.12
328370,PLUS 코스피TR,DB하이텍,0.12
328370,PLUS 코스피TR,하이브,0.12
328370,PLUS 코스피TR,키움증권,0.12
328370,PLUS 코스피TR,삼양식품,0.12
328370,PLUS 코스피TR,JB금융지주,0.11
328370,PLUS 코스피TR,유한양행,0.11
328370,PLUS 코스피TR,대덕전자,0.11
328370,PLUS 코스피TR,LG유플러스,0.1
328370,PLUS 코스피TR,카카오페이,0.1
328370,PLUS 코스피TR,SK바이오팜,0.1
328370,PLUS 코스피TR,산일전기,0.1
328370,PLUS 코스피TR,LG생활건강,0.1
328370,PLUS 코스피TR,BNK금융지주,0.09
328370,PLUS 코스피TR,삼성카드,0.09
328370,PLUS 코스피TR,두산밥캣,0.09
328370,PLUS 코스피TR,SKC,0.09
328370,PLUS 코스피TR,엘앤에프,0.09
328370,PLUS 코스피TR,한전기술,0.09
328370,PLUS 코스피TR,NC,0.09
328370,PLUS 코스피TR,한화생명,0.08
328370,PLUS 코스피TR,LG디스플레이,0.08
328370,PLUS 코스피TR,맥쿼리인프라,0.08
328370,PLUS 코스피TR,DN오토모티브,0.08
328370,PLUS 코스피TR,두산로보틱스,0.08
328370,PLUS 코스피TR,OCI홀딩스,0.08
328370,PLUS 코스피TR,한화비전,0.07
328370,PLUS 코스피TR,한화엔진,0.07
328370,PLUS 코스피TR,현대해상,0.07
328370,PLUS 코스피TR,일진전기,0.07
328370,PLUS 코스피TR,CJ,0.07
328370,PLUS 코스피TR,신세계,0.07
328370,PLUS 코스피TR,KCC,0.07
328370,PLUS 코스피TR,미래에셋생명,0.06
328370,PLUS 코스피TR,iM금융지주,0.06
328370,PLUS 코스피TR,현대제철,0.06
328370,PLUS 코스피TR,한국가스공사,0.06
328370,PLUS 코스피TR,서울보증보험,0.06
328370,PLUS 코스피TR,두산퓨얼셀,0.06
328370,PLUS 코스피TR,한미사이언스,0.06
328370,PLUS 코스피TR,영원무역,0.06
328370,PLUS 코스피TR,오리온,0.06
328370,PLUS 코스피TR,한국콜마,0.06
328370,PLUS 코스피TR,효성,0.06
328370,PLUS 코스피TR,한솔케미칼,0.06
328370,PLUS 코스피TR,한온시스템,0.05
328370,PLUS 코스피TR,팬오션,0.05
328370,PLUS 코스피TR,강원랜드,0.05
328370,PLUS 코스피TR,포스코DX,0.05
328370,PLUS 코스피TR,동서,0.05
328370,PLUS 코스피TR,GS건설,0.05
328370,PLUS 코스피TR,넷마블,0.05
328370,PLUS 코스피TR,SK바이오사이언스,0.05
328370,PLUS 코스피TR,에스엘,0.05
328370,PLUS 코스피TR,HL만도,0.05
328370,PLUS 코스피TR,씨에스윈드,0.05
328370,PLUS 코스피TR,현대엘리베이터,0.05
328370,PLUS 코스피TR,F&F,0.05
328370,PLUS 코스피TR,이수스페셜티케미컬,0.05
328370,PLUS 코스피TR,DL이앤씨,0.05
328370,PLUS 코스피TR,에스원,0.05
328370,PLUS 코스피TR,금호석유화학,0.05
328370,PLUS 코스피TR,롯데쇼핑,0.05
328370,PLUS 코스피TR,신영증권,0.05
328370,PLUS 코스피TR,CJ제일제당,0.05
328370,PLUS 코스피TR,코스맥스,0.05
328370,PLUS 코스피TR,한국쉘석유,0.05
328370,PLUS 코스피TR,금호타이어,0.04
328370,PLUS 코스피TR,현대지에프홀딩스,0.04
328370,PLUS 코스피TR,코리안리,0.04
328370,PLUS 코스피TR,GS리테일,0.04
328370,PLUS 코스피TR,롯데지주,0.04
328370,PLUS 코스피TR,아모레퍼시픽홀딩스,0.04
328370,PLUS 코스피TR,한국앤컴퍼니,0.04
328370,PLUS 코스피TR,동원산업,0.04
328370,PLUS 코스피TR,에코프로머티,0.04
328370,PLUS 코스피TR,다우기술,0.04
328370,PLUS 코스피TR,미스토홀딩스,0.04
328370,PLUS 코스피TR,한올바이오파마,0.04
328370,PLUS 코스피TR,한전KPS,0.04
328370,PLUS 코스피TR,롯데에너지머티리얼즈,0.04
328370,PLUS 코스피TR,롯데케미칼,0.04
328370,PLUS 코스피TR,코오롱인더,0.04
328370,PLUS 코스피TR,LS에코에너지,0.04
328370,PLUS 코스피TR,현대백화점,0.04
328370,PLUS 코스피TR,영원무역홀딩스,0.04
328370,PLUS 코스피TR,효성티앤씨,0.04
328370,PLUS 코스피TR,SK가스,0.04
328370,PLUS 코스피TR,농심,0.04
328370,PLUS 코스피TR,제일기획,0.03
328370,PLUS 코스피TR,후성,0.03
328370,PLUS 코스피TR,한일시멘트,0.03
328370,PLUS 코스피TR,IPARK현대산업개발,0.03
328370,PLUS 코스피TR,HDC,0.03
328370,PLUS 코스피TR,시프트업,0.03
328370,PLUS 코스피TR,세아베스틸지주,0.03
328370,PLUS 코스피TR,호텔신라,0.03
328370,PLUS 코스피TR,LX인터내셔널,0.03
328370,PLUS 코스피TR,현대위아,0.03
328370,PLUS 코스피TR,롯데렌탈,0.03
328370,PLUS 코스피TR,NHN,0.03
328370,PLUS 코스피TR,SK이터닉스,0.03
328370,PLUS 코스피TR,더블유게임즈,0.03
328370,PLUS 코스피TR,이마트,0.03
328370,PLUS 코스피TR,케이씨텍,0.03
328370,PLUS 코스피TR,코리아써키트,0.03
328370,PLUS 코스피TR,풍산,0.03
328370,PLUS 코스피TR,녹십자,0.03
328370,PLUS 코스피TR,BGF리테일,0.03
328370,PLUS 코스피TR,가온전선,0.03
328370,PLUS 코스피TR,오뚜기,0.03
328370,PLUS 코스피TR,롯데리츠,0.02
328370,PLUS 코스피TR,SK리츠,0.02
328370,PLUS 코스피TR,한화투자증권,0.02
328370,PLUS 코스피TR,SK네트웍스,0.02
328370,PLUS 코스피TR,아시아나항공,0.02
328370,PLUS 코스피TR,한화손해보험,0.02
328370,PLUS 코스피TR,교보증권,0.02
328370,PLUS 코스피TR,파라다이스,0.02
328370,PLUS 코스피TR,HJ중공업,0.02
328370,PLUS 코스피TR,대원전선,0.02
328370,PLUS 코스피TR,하이트진로,0.02
328370,PLUS 코스피TR,SK아이이테크놀로지,0.02
328370,PLUS 코스피TR,오리온홀딩스,0.02
328370,PLUS 코스피TR,한국카본,0.02
328370,PLUS 코스피TR,대신증권,0.02
328370,PLUS 코스피TR,NICE평가정보,0.02
328370,PLUS 코스피TR,SNT모티브,0.02
328370,PLUS 코스피TR,SNT다이내믹스,0.02
328370,PLUS 코스피TR,코스모신소재,0.02
328370,PLUS 코스피TR,남양유업,0.02
328370,PLUS 코스피TR,HD현대마린엔진,0.02
328370,PLUS 코스피TR,롯데정밀화학,0.02
328370,PLUS 코스피TR,한샘,0.02
328370,PLUS 코스피TR,GS피앤엘,0.02
328370,PLUS 코스피TR,디아이,0.02
328370,PLUS 코스피TR,DL,0.02
328370,PLUS 코스피TR,SK디스커버리,0.02
328370,PLUS 코스피TR,종근당,0.02
328370,PLUS 코스피TR,CJ대한통운,0.02
328370,PLUS 코스피TR,SK케미칼,0.02
328370,PLUS 코스피TR,경동나비엔,0.02
328370,PLUS 코스피TR,지역난방공사,0.02
328370,PLUS 코스피TR,해성디에스,0.02
328370,PLUS 코스피TR,대웅제약,0.02
328370,PLUS 코스피TR,롯데웰푸드,0.02
328370,PLUS 코스피TR,롯데칠성,0.02
328370,PLUS 코스피TR,빙그레,0.02
328370,PLUS 코스피TR,삼화콘덴서,0.02
328370,PLUS 코스피TR,HD현대에너지솔루션,0.02
328370,PLUS 코스피TR,롯데손해보험,0.01
328370,PLUS 코스피TR,대한해운,0.01
328370,PLUS 코스피TR,ESR켄달스퀘어리츠,0.01
328370,PLUS 코스피TR,KG모빌리티,0.01
328370,PLUS 코스피TR,흥아해운,0.01
328370,PLUS 코스피TR,DB,0.01
328370,PLUS 코스피TR,한화갤러리아,0.01
328370,PLUS 코스피TR,유안타증권,0.01
328370,PLUS 코스피TR,CJ CGV,0.01
328370,PLUS 코스피TR,한국자산신탁,0.01
328370,PLUS 코스피TR,삼성FN리츠,0.01
328370,PLUS 코스피TR,신한알파리츠,0.01
328370,PLUS 코스피TR,현대퓨처넷,0.01
328370,PLUS 코스피TR,에스디바이오센서,0.01
328370,PLUS 코스피TR,BGF,0.01
328370,PLUS 코스피TR,부광약품,0.01
328370,PLUS 코스피TR,코람코라이프인프라리츠,0.01
328370,PLUS 코스피TR,KG스틸,0.01
328370,PLUS 코스피TR,유진투자증권,0.01
328370,PLUS 코스피TR,넥센타이어,0.01
328370,PLUS 코스피TR,제주항공,0.01
328370,PLUS 코스피TR,한화머시너리앤서비스홀딩스,0.01
328370,PLUS 코스피TR,LX홀딩스,0.01
328370,PLUS 코스피TR,대성산업,0.01
328370,PLUS 코스피TR,솔루스첨단소재,0.01
328370,PLUS 코스피TR,JW홀딩스,0.01
328370,PLUS 코스피TR,바이오노트,0.01
328370,PLUS 코스피TR,GKL,0.01
328370,PLUS 코스피TR,SIMPAC,0.01
328370,PLUS 코스피TR,드림텍,0.01
328370,PLUS 코스피TR,보령,0.01
328370,PLUS 코스피TR,SK오션플랜트,0.01
328370,PLUS 코스피TR,롯데관광개발,0.01
328370,PLUS 코스피TR,명신산업,0.01
328370,PLUS 코스피TR,진에어,0.01
328370,PLUS 코스피TR,현대차증권,0.01
328370,PLUS 코스피TR,광동제약,0.01
328370,PLUS 코스피TR,광전자,0.01
328370,PLUS 코스피TR,대웅,0.01
328370,PLUS 코스피TR,세진중공업,0.01
328370,PLUS 코스피TR,신풍제약,0.01
328370,PLUS 코스피TR,일진홀딩스,0.01
328370,PLUS 코스피TR,넥센,0.01
328370,PLUS 코스피TR,동국제강,0.01
328370,PLUS 코스피TR,아세아제지,0.01
328370,PLUS 코스피TR,스틱인베스트먼트,0.01
328370,PLUS 코스피TR,퍼스텍,0.01
328370,PLUS 코스피TR,녹십자홀딩스,0.01
328370,PLUS 코스피TR,솔루엠,0.01
328370,PLUS 코스피TR,한솔테크닉스,0.01
328370,PLUS 코스피TR,F&F홀딩스,0.01
328370,PLUS 코스피TR,신대양제지,0.01
328370,PLUS 코스피TR,아이에스동서,0.01
328370,PLUS 코스피TR,애경케미칼,0.01
328370,PLUS 코스피TR,한국철강,0.01
328370,PLUS 코스피TR,아세아시멘트,0.01
328370,PLUS 코스피TR,코스모화학,0.01
328370,PLUS 코스피TR,풀무원,0.01
328370,PLUS 코스피TR,화신,0.01
328370,PLUS 코스피TR,DB증권,0.01
328370,PLUS 코스피TR,대상홀딩스,0.01
328370,PLUS 코스피TR,대한제강,0.01
328370,PLUS 코스피TR,자이에스앤디,0.01
328370,PLUS 코스피TR,한세실업,0.01
328370,PLUS 코스피TR,대상,0.01
328370,PLUS 코스피TR,모토닉,0.01
328370,PLUS 코스피TR,신세계인터내셔날,0.01
328370,PLUS 코스피TR,쏘카,0.01
328370,PLUS 코스피TR,이노션,0.01
328370,PLUS 코스피TR,일진하이솔루스,0.01
328370,PLUS 코스피TR,제주은행,0.01
328370,PLUS 코스피TR,콜마홀딩스,0.01
328370,PLUS 코스피TR,키다리스튜디오,0.01
328370,PLUS 코스피TR,금호건설,0.01
328370,PLUS 코스피TR,비에이치,0.01
328370,PLUS 코스피TR,서연이화,0.01
328370,PLUS 코스피TR,한전산업,0.01
328370,PLUS 코스피TR,현대그린푸드,0.01
328370,PLUS 코스피TR,LF,0.01
328370,PLUS 코스피TR,NICE,0.01
328370,PLUS 코스피TR,강남제비스코,0.01
328370,PLUS 코스피TR,동원시스템즈,0.01
328370,PLUS 코스피TR,쿠쿠홀딩스,0.01
328370,PLUS 코스피TR,DI동일,0.01
328370,PLUS 코스피TR,INVENI,0.01
328370,PLUS 코스피TR,TKG휴켐스,0.01
328370,PLUS 코스피TR,고려제강,0.01
328370,PLUS 코스피TR,대덕,0.01
328370,PLUS 코스피TR,애경산업,0.01
328370,PLUS 코스피TR,일동제약,0.01
328370,PLUS 코스피TR,한일홀딩스,0.01
328370,PLUS 코스피TR,PI첨단소재,0.01
328370,PLUS 코스피TR,TCC스틸,0.01
328370,PLUS 코스피TR,엠씨넥스,0.01
328370,PLUS 코스피TR,율촌화학,0.01
328370,PLUS 코스피TR,제이에스코퍼레이션,0.01
328370,PLUS 코스피TR,한섬,0.01
328370,PLUS 코스피TR,JW중외제약,0.01
328370,PLUS 코스피TR,STX엔진,0.01
328370,PLUS 코스피TR,삼영무역,0.01
328370,PLUS 코스피TR,자화전자,0.01
328370,PLUS 코스피TR,코오롱,0.01
328370,PLUS 코스피TR,롯데이노베이트,0.01
328370,PLUS 코스피TR,KCC글라스,0.01
328370,PLUS 코스피TR,KISCO홀딩스,0.01
328370,PLUS 코스피TR,SNT홀딩스,0.01
328370,PLUS 코스피TR,수산인더스트리,0.01
328370,PLUS 코스피TR,신도리코,0.01
328370,PLUS 코스피TR,영풍,0.01
328370,PLUS 코스피TR,풍산홀딩스,0.01
328370,PLUS 코스피TR,하나투어,0.01
328370,PLUS 코스피TR,HL홀딩스,0.01
328370,PLUS 코스피TR,LX세미콘,0.01
328370,PLUS 코스피TR,SNT에너지,0.01
328370,PLUS 코스피TR,사조대림,0.01
328370,PLUS 코스피TR,삼아알미늄,0.01
328370,PLUS 코스피TR,세방전지,0.01
328370,PLUS 코스피TR,케이씨,0.01
328370,PLUS 코스피TR,코스맥스비티아이,0.01
328370,PLUS 코스피TR,쿠쿠홈시스,0.01
328370,PLUS 코스피TR,현대코퍼레이션,0.01
328370,PLUS 코스피TR,LX하우시스,0.01
328370,PLUS 코스피TR,OCI,0.01
328370,PLUS 코스피TR,SGC에너지,0.01
328370,PLUS 코스피TR,국도화학,0.01
328370,PLUS 코스피TR,대한유화,0.01
328370,PLUS 코스피TR,덴티움,0.01
328370,PLUS 코스피TR,동아쏘시오홀딩스,0.01
328370,PLUS 코스피TR,동아에스티,0.01
328370,PLUS 코스피TR,삼립,0.01
328370,PLUS 코스피TR,삼양바이오팜,0.01
328370,PLUS 코스피TR,삼양홀딩스,0.01
328370,PLUS 코스피TR,유니드,0.01
328370,PLUS 코스피TR,조광피혁,0.01
328370,PLUS 코스피TR,한국단자,0.01
328370,PLUS 코스피TR,E1,0.01
328370,PLUS 코스피TR,부국증권,0.01
328370,PLUS 코스피TR,삼천리,0.01
328370,PLUS 코스피TR,세아제강지주,0.01
328370,PLUS 코스피TR,세아홀딩스,0.01
328370,PLUS 코스피TR,효성화학,0.01
328370,PLUS 코스피TR,HS효성,0.01
328370,PLUS 코스피TR,KPX홀딩스,0.01
328370,PLUS 코스피TR,미원상사,0.01
328370,PLUS 코스피TR,미원에스씨,0.01
328370,PLUS 코스피TR,HS효성첨단소재,0.01
328370,PLUS 코스피TR,원화현금,0.66
455860,SOL 2차전지소부장Fn,POSCO홀딩스,19.94
455860,SOL 2차전지소부장Fn,LG화학,18.86
455860,SOL 2차전지소부장Fn,에코프로,14.46
455860,SOL 2차전지소부장Fn,에코프로비엠,11.25
455860,SOL 2차전지소부장Fn,포스코퓨처엠,10.37
455860,SOL 2차전지소부장Fn,엘앤에프,5.34
455860,SOL 2차전지소부장Fn,SKC,4.35
455860,SOL 2차전지소부장Fn,이수스페셜티케미컬,2.65
455860,SOL 2차전지소부장Fn,롯데에너지머티리얼즈,2.38
455860,SOL 2차전지소부장Fn,에코프로머티,2.22
455860,SOL 2차전지소부장Fn,대주전자재료,2.0
455860,SOL 2차전지소부장Fn,코스모신소재,1.85
455860,SOL 2차전지소부장Fn,SK아이이테크놀로지,1.03
455860,SOL 2차전지소부장Fn,나노신소재,0.9
455860,SOL 2차전지소부장Fn,레이크머티리얼즈,0.78
455860,SOL 2차전지소부장Fn,성일하이텍,0.52
455860,SOL 2차전지소부장Fn,솔루스첨단소재,0.49
455860,SOL 2차전지소부장Fn,더블유씨피,0.4
455860,SOL 2차전지소부장Fn,엠플러스,0.15
455860,SOL 2차전지소부장Fn,새빗켐,0.06
476850,KoAct 배당성장액티브,SK하이닉스,23.51
476850,KoAct 배당성장액티브,삼성전자우,23.18
476850,KoAct 배당성장액티브,삼성전기,3.58
476850,KoAct 배당성장액티브,SK스퀘어,3.15
476850,KoAct 배당성장액티브,한화에어로스페이스,2.43
476850,KoAct 배당성장액티브,KB금융,2.35
476850,KoAct 배당성장액티브,SK이노베이션,2.29
476850,KoAct 배당성장액티브,케이씨텍,2.23
476850,KoAct 배당성장액티브,SK텔레콤,1.83
476850,KoAct 배당성장액티브,HD현대중공업,1.66
476850,KoAct 배당성장액티브,서울보증보험,1.36
476850,KoAct 배당성장액티브,두산,1.21
476850,KoAct 배당성장액티브,DB손해보험,1.16
476850,KoAct 배당성장액티브,삼성물산,1.13
476850,KoAct 배당성장액티브,하나금융지주,1.12
476850,KoAct 배당성장액티브,리노공업,1.1
476850,KoAct 배당성장액티브,GS,1.03
476850,KoAct 배당성장액티브,한화솔루션,1.02
476850,KoAct 배당성장액티브,삼성생명,1.02
476850,KoAct 배당성장액티브,현대차,1.0
476850,KoAct 배당성장액티브,OCI홀딩스,0.99
476850,KoAct 배당성장액티브,HPSP,0.97
476850,KoAct 배당성장액티브,코리안리,0.86
476850,KoAct 배당성장액티브,SK,0.85
476850,KoAct 배당성장액티브,포스코인터내셔널,0.83
476850,KoAct 배당성장액티브,한화시스템,0.82
476850,KoAct 배당성장액티브,제이에스코퍼레이션,0.81
476850,KoAct 배당성장액티브,NAVER,0.8
476850,KoAct 배당성장액티브,HD한국조선해양,0.8
476850,KoAct 배당성장액티브,효성중공업,0.76
476850,KoAct 배당성장액티브,HD건설기계,0.75
476850,KoAct 배당성장액티브,포스코퓨처엠,0.63
476850,KoAct 배당성장액티브,에이피알,0.63
476850,KoAct 배당성장액티브,코나아이,0.55
476850,KoAct 배당성장액티브,하나머티리얼즈,0.55
476850,KoAct 배당성장액티브,현대엘리베이터,0.55
476850,KoAct 배당성장액티브,농심,0.55
476850,KoAct 배당성장액티브,디아이,0.53
476850,KoAct 배당성장액티브,KT&G,0.53
476850,KoAct 배당성장액티브,이노션,0.52
476850,KoAct 배당성장액티브,한국카본,0.52
476850,KoAct 배당성장액티브,LG이노텍,0.52
476850,KoAct 배당성장액티브,LG전자,0.51
476850,KoAct 배당성장액티브,RFHIC,0.49
476850,KoAct 배당성장액티브,이지홀딩스,0.46
476850,KoAct 배당성장액티브,대한항공,0.45
476850,KoAct 배당성장액티브,삼성화재,0.45
476850,KoAct 배당성장액티브,HD현대일렉트릭,0.43
476850,KoAct 배당성장액티브,현대제철,0.35
476850,KoAct 배당성장액티브,한텍,0.32
476850,KoAct 배당성장액티브,LG생활건강,0.32
476850,KoAct 배당성장액티브,동진쎄미켐,0.31
476850,KoAct 배당성장액티브,한국토지신탁,0.29
476850,KoAct 배당성장액티브,JB금융지주,0.28
476850,KoAct 배당성장액티브,더블유게임즈,0.27
476850,KoAct 배당성장액티브,HD현대,0.25
476850,KoAct 배당성장액티브,가온전선,0.24
476850,KoAct 배당성장액티브,오리온홀딩스,0.23
476850,KoAct 배당성장액티브,삼양식품,0.22
476850,KoAct 배당성장액티브,한국금융지주,0.21
476850,KoAct 배당성장액티브,키움증권,0.19
476850,KoAct 배당성장액티브,다우데이타,0.17
476850,KoAct 배당성장액티브,HL홀딩스,0.16
476850,KoAct 배당성장액티브,원화현금,0.73
0177X0,ACE K휴머노이드로봇산업TOP2+,로보티즈,24.25
0177X0,ACE K휴머노이드로봇산업TOP2+,에스피지,18.79
0177X0,ACE K휴머노이드로봇산업TOP2+,현대차,14.2
0177X0,ACE K휴머노이드로봇산업TOP2+,레인보우로보틱스,11.59
0177X0,ACE K휴머노이드로봇산업TOP2+,삼현,7.5
0177X0,ACE K휴머노이드로봇산업TOP2+,현대모비스,4.68
0177X0,ACE K휴머노이드로봇산업TOP2+,HL만도,4.16
0177X0,ACE K휴머노이드로봇산업TOP2+,뉴로메카,3.15
0177X0,ACE K휴머노이드로봇산업TOP2+,현대오토에버,3.14
0177X0,ACE K휴머노이드로봇산업TOP2+,유일로보틱스,2.81
0177X0,ACE K휴머노이드로봇산업TOP2+,두산로보틱스,1.74
0177X0,ACE K휴머노이드로봇산업TOP2+,에스엘,1.24
0177X0,ACE K휴머노이드로봇산업TOP2+,한국피아이엠,1.0
0177X0,ACE K휴머노이드로봇산업TOP2+,클로봇,0.81
0177X0,ACE K휴머노이드로봇산업TOP2+,휴림로봇,0.79
0177X0,ACE K휴머노이드로봇산업TOP2+,원화현금,0.16
475050,ACE KPOP포커스,에스엠,25.61
475050,ACE KPOP포커스,JYP Ent.,24.97
475050,ACE KPOP포커스,하이브,23.7
475050,ACE KPOP포커스,와이지엔터테인먼트,20.05
475050,ACE KPOP포커스,큐브엔터,0.95
475050,ACE KPOP포커스,디어유,0.93
475050,ACE KPOP포커스,CJ ENM,0.9
475050,ACE KPOP포커스,드림어스컴퍼니,0.89
475050,ACE KPOP포커스,YG PLUS,0.86
475050,ACE KPOP포커스,노머스,0.81
475050,ACE KPOP포커스,원화현금,0.32
0198A0,KIWOOM 코스닥150커버드콜액티브,KIWOOM 코스닥150,12.34
0198A0,KIWOOM 코스닥150커버드콜액티브,알테오젠,5.84
0198A0,KIWOOM 코스닥150커버드콜액티브,에코프로,3.68
0198A0,KIWOOM 코스닥150커버드콜액티브,주성엔지니어링,3.17
0198A0,KIWOOM 코스닥150커버드콜액티브,에코프로비엠,2.91
0198A0,KIWOOM 코스닥150커버드콜액티브,HLB,1.97
0198A0,KIWOOM 코스닥150커버드콜액티브,원익IPS,1.91
0198A0,KIWOOM 코스닥150커버드콜액티브,이오테크닉스,1.9
0198A0,KIWOOM 코스닥150커버드콜액티브,HPSP,1.81
0198A0,KIWOOM 코스닥150커버드콜액티브,리노공업,1.77
0198A0,KIWOOM 코스닥150커버드콜액티브,심텍,1.71
0198A0,KIWOOM 코스닥150커버드콜액티브,레인보우로보틱스,1.6
0198A0,KIWOOM 코스닥150커버드콜액티브,로보티즈,1.59
0198A0,KIWOOM 코스닥150커버드콜액티브,피에스케이,1.25
0198A0,KIWOOM 코스닥150커버드콜액티브,제주반도체,1.19
0198A0,KIWOOM 코스닥150커버드콜액티브,펩트론,1.18
0198A0,KIWOOM 코스닥150커버드콜액티브,삼천당제약,1.15
0198A0,KIWOOM 코스닥150커버드콜액티브,하나마이크론,1.06
0198A0,KIWOOM 코스닥150커버드콜액티브,유진테크,0.98
0198A0,KIWOOM 코스닥150커버드콜액티브,파마리서치,0.95
0198A0,KIWOOM 코스닥150커버드콜액티브,올릭스,0.91
0198A0,KIWOOM 코스닥150커버드콜액티브,테스,0.91
0198A0,KIWOOM 코스닥150커버드콜액티브,에이비엘바이오,0.89
0198A0,KIWOOM 코스닥150커버드콜액티브,리가켐바이오,0.88
0198A0,KIWOOM 코스닥150커버드콜액티브,서진시스템,0.87
0198A0,KIWOOM 코스닥150커버드콜액티브,우리기술,0.85
0198A0,KIWOOM 코스닥150커버드콜액티브,ISC,0.83
0198A0,KIWOOM 코스닥150커버드콜액티브,티씨케이,0.79
0198A0,KIWOOM 코스닥150커버드콜액티브,티에스이,0.78
0198A0,KIWOOM 코스닥150커버드콜액티브,고영,0.75
0198A0,KIWOOM 코스닥150커버드콜액티브,동진쎄미켐,0.74
0198A0,KIWOOM 코스닥150커버드콜액티브,보로노이,0.67
0198A0,KIWOOM 코스닥150커버드콜액티브,솔브레인,0.65
0198A0,KIWOOM 코스닥150커버드콜액티브,디앤디파마텍,0.64
0198A0,KIWOOM 코스닥150커버드콜액티브,테크윙,0.62
0198A0,KIWOOM 코스닥150커버드콜액티브,브이엠,0.6
0198A0,KIWOOM 코스닥150커버드콜액티브,피에스케이홀딩스,0.6
0198A0,KIWOOM 코스닥150커버드콜액티브,파크시스템스,0.6
0198A0,KIWOOM 코스닥150커버드콜액티브,에스피지,0.57
0198A0,KIWOOM 코스닥150커버드콜액티브,실리콘투,0.55
0198A0,KIWOOM 코스닥150커버드콜액티브,두산테스나,0.55
0198A0,KIWOOM 코스닥150커버드콜액티브,태성,0.54
0198A0,KIWOOM 코스닥150커버드콜액티브,네이처셀,0.53
0198A0,KIWOOM 코스닥150커버드콜액티브,펄어비스,0.53
0198A0,KIWOOM 코스닥150커버드콜액티브,비에이치아이,0.52
0198A0,KIWOOM 코스닥150커버드콜액티브,에스티팜,0.52
0198A0,KIWOOM 코스닥150커버드콜액티브,오스코텍,0.51
0198A0,KIWOOM 코스닥150커버드콜액티브,대주전자재료,0.51
0198A0,KIWOOM 코스닥150커버드콜액티브,엘앤씨바이오,0.5
0198A0,KIWOOM 코스닥150커버드콜액티브,현대무벡스,0.49
0198A0,KIWOOM 코스닥150커버드콜액티브,원익홀딩스,0.49
0198A0,KIWOOM 코스닥150커버드콜액티브,씨젠,0.44
0198A0,KIWOOM 코스닥150커버드콜액티브,RFHIC,0.44
0198A0,KIWOOM 코스닥150커버드콜액티브,에스엠,0.44
0198A0,KIWOOM 코스닥150커버드콜액티브,성호전자,0.42
0198A0,KIWOOM 코스닥150커버드콜액티브,JYP Ent.,0.42
0198A0,KIWOOM 코스닥150커버드콜액티브,클래시스,0.38
0198A0,KIWOOM 코스닥150커버드콜액티브,코미코,0.38
0198A0,KIWOOM 코스닥150커버드콜액티브,큐리옥스바이오시스템즈,0.36
0198A0,KIWOOM 코스닥150커버드콜액티브,휴젤,0.36
0198A0,KIWOOM 코스닥150커버드콜액티브,SFA반도체,0.35
0198A0,KIWOOM 코스닥150커버드콜액티브,비츠로셀,0.35
0198A0,KIWOOM 코스닥150커버드콜액티브,에스앤에스텍,0.35
0198A0,KIWOOM 코스닥150커버드콜액티브,휴림로봇,0.32
0198A0,KIWOOM 코스닥150커버드콜액티브,셀트리온제약,0.3
0198A0,KIWOOM 코스닥150커버드콜액티브,하나머티리얼즈,0.3
0198A0,KIWOOM 코스닥150커버드콜액티브,와이씨,0.29
0198A0,KIWOOM 코스닥150커버드콜액티브,에임드바이오,0.29
0198A0,KIWOOM 코스닥150커버드콜액티브,필옵틱스,0.29
0198A0,KIWOOM 코스닥150커버드콜액티브,코스메카코리아,0.29
0198A0,KIWOOM 코스닥150커버드콜액티브,케어젠,0.28
0198A0,KIWOOM 코스닥150커버드콜액티브,루닛,0.27
0198A0,KIWOOM 코스닥150커버드콜액티브,클로봇,0.27
0198A0,KIWOOM 코스닥150커버드콜액티브,피엔티,0.27
0198A0,KIWOOM 코스닥150커버드콜액티브,현대바이오,0.26
0198A0,KIWOOM 코스닥150커버드콜액티브,케이엠더블유,0.26
0198A0,KIWOOM 코스닥150커버드콜액티브,인텔리안테크,0.26
0198A0,KIWOOM 코스닥150커버드콜액티브,쎄트렉아이,0.26
0198A0,KIWOOM 코스닥150커버드콜액티브,기가비스,0.26
0198A0,KIWOOM 코스닥150커버드콜액티브,신성델타테크,0.25
0198A0,KIWOOM 코스닥150커버드콜액티브,와이지엔터테인먼트,0.25
0198A0,KIWOOM 코스닥150커버드콜액티브,HK이노엔,0.25
0198A0,KIWOOM 코스닥150커버드콜액티브,차바이오텍,0.24
0198A0,KIWOOM 코스닥150커버드콜액티브,쏠리드,0.24
0198A0,KIWOOM 코스닥150커버드콜액티브,LS머트리얼즈,0.24
0198A0,KIWOOM 코스닥150커버드콜액티브,에프에스티,0.24
0198A0,KIWOOM 코스닥150커버드콜액티브,삼현,0.24
0198A0,KIWOOM 코스닥150커버드콜액티브,지아이이노베이션,0.23
0198A0,KIWOOM 코스닥150커버드콜액티브,아이티센글로벌,0.23
0198A0,KIWOOM 코스닥150커버드콜액티브,LS마린솔루션,0.23
0198A0,KIWOOM 코스닥150커버드콜액티브,제룡전기,0.23
0198A0,KIWOOM 코스닥150커버드콜액티브,성광벤드,0.22
0198A0,KIWOOM 코스닥150커버드콜액티브,원익QnC,0.22
0198A0,KIWOOM 코스닥150커버드콜액티브,에이치브이엠,0.22
0198A0,KIWOOM 코스닥150커버드콜액티브,하림지주,0.21
0198A0,KIWOOM 코스닥150커버드콜액티브,나노신소재,0.21
0198A0,KIWOOM 코스닥150커버드콜액티브,로보스타,0.21
0198A0,KIWOOM 코스닥150커버드콜액티브,엔켐,0.2
0198A0,KIWOOM 코스닥150커버드콜액티브,레이크머티리얼즈,0.19
0198A0,KIWOOM 코스닥150커버드콜액티브,유일로보틱스,0.19
0198A0,KIWOOM 코스닥150커버드콜액티브,SFA넥셀,0.18
0198A0,KIWOOM 코스닥150커버드콜액티브,제이앤티씨,0.18
0198A0,KIWOOM 코스닥150커버드콜액티브,카카오게임즈,0.17
0198A0,KIWOOM 코스닥150커버드콜액티브,덕산네오룩스,0.17
0198A0,KIWOOM 코스닥150커버드콜액티브,SFA,0.17
0198A0,KIWOOM 코스닥150커버드콜액티브,젬백스,0.16
0198A0,KIWOOM 코스닥150커버드콜액티브,오름테라퓨틱,0.16
0198A0,KIWOOM 코스닥150커버드콜액티브,카페24,0.16
0198A0,KIWOOM 코스닥150커버드콜액티브,CJ ENM,0.16
0198A0,KIWOOM 코스닥150커버드콜액티브,아이쓰리시스템,0.16
0198A0,KIWOOM 코스닥150커버드콜액티브,아난티,0.15
0198A0,KIWOOM 코스닥150커버드콜액티브,서부T&D,0.15
0198A0,KIWOOM 코스닥150커버드콜액티브,선익시스템,0.15
0198A0,KIWOOM 코스닥150커버드콜액티브,안랩,0.15
0198A0,KIWOOM 코스닥150커버드콜액티브,우리기술투자,0.14
0198A0,KIWOOM 코스닥150커버드콜액티브,미래에셋벤처투자,0.14
0198A0,KIWOOM 코스닥150커버드콜액티브,시노펙스,0.13
0198A0,KIWOOM 코스닥150커버드콜액티브,NHN KCP,0.13
0198A0,KIWOOM 코스닥150커버드콜액티브,네오셈,0.13
0198A0,KIWOOM 코스닥150커버드콜액티브,위메이드,0.13
0198A0,KIWOOM 코스닥150커버드콜액티브,동성화인텍,0.13
0198A0,KIWOOM 코스닥150커버드콜액티브,코나아이,0.13
0198A0,KIWOOM 코스닥150커버드콜액티브,가온칩스,0.13
0198A0,KIWOOM 코스닥150커버드콜액티브,한라캐스트,0.12
0198A0,KIWOOM 코스닥150커버드콜액티브,이녹스첨단소재,0.12
0198A0,KIWOOM 코스닥150커버드콜액티브,넥스틴,0.12
0198A0,KIWOOM 코스닥150커버드콜액티브,컴투스,0.12
0198A0,KIWOOM 코스닥150커버드콜액티브,펌텍코리아,0.12
0198A0,KIWOOM 코스닥150커버드콜액티브,성우하이텍,0.11
0198A0,KIWOOM 코스닥150커버드콜액티브,삼표시멘트,0.11
0198A0,KIWOOM 코스닥150커버드콜액티브,큐렉소,0.11
0198A0,KIWOOM 코스닥150커버드콜액티브,인카금융서비스,0.11
0198A0,KIWOOM 코스닥150커버드콜액티브,넥슨게임즈,0.11
0198A0,KIWOOM 코스닥150커버드콜액티브,브이티,0.11
0198A0,KIWOOM 코스닥150커버드콜액티브,포스코엠텍,0.11
0198A0,KIWOOM 코스닥150커버드콜액티브,한컴,0.11
0198A0,KIWOOM 코스닥150커버드콜액티브,다우데이타,0.11
0198A0,KIWOOM 코스닥150커버드콜액티브,스튜디오드래곤,0.11
0198A0,KIWOOM 코스닥150커버드콜액티브,SOOP,0.11
0198A0,KIWOOM 코스닥150커버드콜액티브,감성코퍼레이션,0.1
0198A0,KIWOOM 코스닥150커버드콜액티브,웹젠,0.1
0198A0,KIWOOM 코스닥150커버드콜액티브,유진로봇,0.1
0198A0,KIWOOM 코스닥150커버드콜액티브,디어유,0.1
0198A0,KIWOOM 코스닥150커버드콜액티브,메가스터디교육,0.1
0198A0,KIWOOM 코스닥150커버드콜액티브,천보,0.1
0198A0,KIWOOM 코스닥150커버드콜액티브,솔브레인홀딩스,0.1
0198A0,KIWOOM 코스닥150커버드콜액티브,네오위즈,0.09
0198A0,KIWOOM 코스닥150커버드콜액티브,위메이드맥스,0.04
0198A0,KIWOOM 코스닥150커버드콜액티브,데브시스터즈,0.04
0198A0,KIWOOM 코스닥150커버드콜액티브,동화기업,0.03
0198A0,KIWOOM 코스닥150커버드콜액티브,씨앤씨인터내셔널,0.03
0198A0,KIWOOM 코스닥150커버드콜액티브,원화현금,9.48
495040,PLUS 코리아밸류업,SK하이닉스,20.88
495040,PLUS 코리아밸류업,삼성전자,17.35
495040,PLUS 코리아밸류업,SK스퀘어,8.77
495040,PLUS 코리아밸류업,KB금융,4.18
495040,PLUS 코리아밸류업,현대차,3.89
495040,PLUS 코리아밸류업,신한지주,3.51
495040,PLUS 코리아밸류업,한화에어로스페이스,2.86
495040,PLUS 코리아밸류업,하나금융지주,2.64
495040,PLUS 코리아밸류업,기아,2.27
495040,PLUS 코리아밸류업,현대모비스,1.97
495040,PLUS 코리아밸류업,우리금융지주,1.86
495040,PLUS 코리아밸류업,삼성화재,1.51
495040,PLUS 코리아밸류업,KT&G,1.3
495040,PLUS 코리아밸류업,HD현대일렉트릭,1.26
495040,PLUS 코리아밸류업,HD한국조선해양,1.25
495040,PLUS 코리아밸류업,HD현대중공업,1.16
495040,PLUS 코리아밸류업,SK텔레콤,1.09
495040,PLUS 코리아밸류업,KT,0.94
495040,PLUS 코리아밸류업,한미반도체,0.94
495040,PLUS 코리아밸류업,LIG디펜스앤에어로스페이스,0.85
495040,PLUS 코리아밸류업,메리츠금융지주,0.78
495040,PLUS 코리아밸류업,한국항공우주,0.78
495040,PLUS 코리아밸류업,HD현대,0.75
495040,PLUS 코리아밸류업,에이피알,0.75
495040,PLUS 코리아밸류업,미래에셋증권,0.7
495040,PLUS 코리아밸류업,LG이노텍,0.68
495040,PLUS 코리아밸류업,대한항공,0.64
495040,PLUS 코리아밸류업,삼성E&A,0.62
495040,PLUS 코리아밸류업,한국금융지주,0.61
495040,PLUS 코리아밸류업,DB손해보험,0.61
495040,PLUS 코리아밸류업,현대글로비스,0.61
495040,PLUS 코리아밸류업,HMM,0.55
495040,PLUS 코리아밸류업,한진칼,0.52
495040,PLUS 코리아밸류업,한화시스템,0.48
495040,PLUS 코리아밸류업,크래프톤,0.47
495040,PLUS 코리아밸류업,삼성증권,0.45
495040,PLUS 코리아밸류업,코웨이,0.45
495040,PLUS 코리아밸류업,HD현대마린솔루션,0.38
495040,PLUS 코리아밸류업,삼양식품,0.38
495040,PLUS 코리아밸류업,JB금융지주,0.37
495040,PLUS 코리아밸류업,DB하이텍,0.36
495040,PLUS 코리아밸류업,HPSP,0.35
495040,PLUS 코리아밸류업,NH투자증권,0.34
495040,PLUS 코리아밸류업,리노공업,0.34
495040,PLUS 코리아밸류업,아모레퍼시픽,0.34
495040,PLUS 코리아밸류업,키움증권,0.34
495040,PLUS 코리아밸류업,산일전기,0.32
495040,PLUS 코리아밸류업,한미약품,0.25
495040,PLUS 코리아밸류업,두산밥캣,0.24
495040,PLUS 코리아밸류업,피에스케이,0.24
495040,PLUS 코리아밸류업,한솔케미칼,0.22
495040,PLUS 코리아밸류업,포스코인터내셔널,0.21
495040,PLUS 코리아밸류업,한전기술,0.2
495040,PLUS 코리아밸류업,오리온,0.19
495040,PLUS 코리아밸류업,테스,0.18
495040,PLUS 코리아밸류업,코스맥스,0.18
495040,PLUS 코리아밸류업,에스원,0.17
495040,PLUS 코리아밸류업,파마리서치,0.17
495040,PLUS 코리아밸류업,동진쎄미켐,0.15
495040,PLUS 코리아밸류업,현대엘리베이터,0.15
495040,PLUS 코리아밸류업,금호석유화학,0.15
495040,PLUS 코리아밸류업,강원랜드,0.13
495040,PLUS 코리아밸류업,한미사이언스,0.13
495040,PLUS 코리아밸류업,티씨케이,0.13
495040,PLUS 코리아밸류업,솔브레인,0.13
495040,PLUS 코리아밸류업,피에스케이홀딩스,0.12
495040,PLUS 코리아밸류업,제일기획,0.11
495040,PLUS 코리아밸류업,현대무벡스,0.1
495040,PLUS 코리아밸류업,엘앤씨바이오,0.1
495040,PLUS 코리아밸류업,에스티팜,0.1
495040,PLUS 코리아밸류업,BGF리테일,0.1
495040,PLUS 코리아밸류업,코미코,0.08
495040,PLUS 코리아밸류업,JYP Ent.,0.08
495040,PLUS 코리아밸류업,한전KPS,0.08
495040,PLUS 코리아밸류업,F&F,0.08
495040,PLUS 코리아밸류업,동서,0.07
495040,PLUS 코리아밸류업,클래시스,0.07
495040,PLUS 코리아밸류업,비츠로셀,0.07
495040,PLUS 코리아밸류업,에스엘,0.07
495040,PLUS 코리아밸류업,케어젠,0.06
495040,PLUS 코리아밸류업,롯데렌탈,0.05
495040,PLUS 코리아밸류업,효성티앤씨,0.05
495040,PLUS 코리아밸류업,NICE평가정보,0.04
495040,PLUS 코리아밸류업,제룡전기,0.04
495040,PLUS 코리아밸류업,SK가스,0.04
495040,PLUS 코리아밸류업,에코프로에이치엔,0.03
495040,PLUS 코리아밸류업,JW중외제약,0.03
495040,PLUS 코리아밸류업,하나투어,0.03
495040,PLUS 코리아밸류업,SNT에너지,0.03
495040,PLUS 코리아밸류업,빙그레,0.03
495040,PLUS 코리아밸류업,세진중공업,0.02
495040,PLUS 코리아밸류업,디어유,0.02
495040,PLUS 코리아밸류업,넥스틴,0.02
495040,PLUS 코리아밸류업,SOOP,0.02
495040,PLUS 코리아밸류업,KG모빌리티플랫폼,0.01
495040,PLUS 코리아밸류업,엠앤씨솔루션,0.01
495040,PLUS 코리아밸류업,동원시스템즈,0.01
495040,PLUS 코리아밸류업,전진건설로봇,0.01
495040,PLUS 코리아밸류업,지역난방공사,0.01
495040,PLUS 코리아밸류업,미원상사,0.01
495040,PLUS 코리아밸류업,원화현금,0.51
210780,TIGER 코스피고배당,한일시멘트,3.42
210780,TIGER 코스피고배당,아이마켓코리아,3.12
210780,TIGER 코스피고배당,DB손해보험,2.95
210780,TIGER 코스피고배당,제일기획,2.94
210780,TIGER 코스피고배당,한국자산신탁,2.93
210780,TIGER 코스피고배당,현대엘리베이터,2.79
210780,TIGER 코스피고배당,GS,2.79
210780,TIGER 코스피고배당,쿠쿠홀딩스,2.78
210780,TIGER 코스피고배당,TKG휴켐스,2.69
210780,TIGER 코스피고배당,강원랜드,2.6
210780,TIGER 코스피고배당,HS화성,2.48
210780,TIGER 코스피고배당,이노션,2.42
210780,TIGER 코스피고배당,노루페인트,2.4
210780,TIGER 코스피고배당,삼성카드,2.4
210780,TIGER 코스피고배당,JB금융지주,2.37
210780,TIGER 코스피고배당,동서,2.35
210780,TIGER 코스피고배당,SNT모티브,2.31
210780,TIGER 코스피고배당,에스원,2.3
210780,TIGER 코스피고배당,기업은행,2.29
210780,TIGER 코스피고배당,SNT홀딩스,2.29
210780,TIGER 코스피고배당,우리금융지주,2.28
210780,TIGER 코스피고배당,LX인터내셔널,2.28
210780,TIGER 코스피고배당,코리안리,2.26
210780,TIGER 코스피고배당,한국앤컴퍼니,2.13
210780,TIGER 코스피고배당,HL홀딩스,2.0
210780,TIGER 코스피고배당,LG유플러스,1.91
210780,TIGER 코스피고배당,BNK금융지주,1.9
210780,TIGER 코스피고배당,다우기술,1.89
210780,TIGER 코스피고배당,iM금융지주,1.82
210780,TIGER 코스피고배당,하나금융지주,1.8
210780,TIGER 코스피고배당,교보증권,1.78
210780,TIGER 코스피고배당,SK가스,1.75
210780,TIGER 코스피고배당,오리온홀딩스,1.74
210780,TIGER 코스피고배당,KT,1.71
210780,TIGER 코스피고배당,삼성화재,1.71
210780,TIGER 코스피고배당,NH투자증권,1.59
210780,TIGER 코스피고배당,KT&G,1.53
210780,TIGER 코스피고배당,KB금융,1.47
210780,TIGER 코스피고배당,대신증권,1.44
210780,TIGER 코스피고배당,기아,1.43
210780,TIGER 코스피고배당,현대차증권,1.39
210780,TIGER 코스피고배당,신한지주,1.39
210780,TIGER 코스피고배당,한국금융지주,1.28
210780,TIGER 코스피고배당,한전KPS,1.27
210780,TIGER 코스피고배당,삼성증권,1.2
210780,TIGER 코스피고배당,롯데정밀화학,1.09
210780,TIGER 코스피고배당,POSCO홀딩스,0.89
210780,TIGER 코스피고배당,세아베스틸지주,0.83
210780,TIGER 코스피고배당,SK텔레콤,0.7
210780,TIGER 코스피고배당,현대차,0.45
210780,TIGER 코스피고배당,원화현금,0.49
266420,KODEX 헬스케어,셀트리온,21.76
266420,KODEX 헬스케어,삼성바이오로직스,12.78
266420,KODEX 헬스케어,알테오젠,12.23
266420,KODEX 헬스케어,HLB,4.22
266420,KODEX 헬스케어,유한양행,3.64
266420,KODEX 헬스케어,한미약품,2.84
266420,KODEX 헬스케어,SK바이오팜,2.64
266420,KODEX 헬스케어,삼천당제약,2.55
266420,KODEX 헬스케어,펩트론,2.48
266420,KODEX 헬스케어,에이비엘바이오,1.9
266420,KODEX 헬스케어,리가켐바이오,1.9
266420,KODEX 헬스케어,올릭스,1.89
266420,KODEX 헬스케어,파마리서치,1.87
266420,KODEX 헬스케어,삼성에피스홀딩스,1.78
266420,KODEX 헬스케어,한올바이오파마,1.46
266420,KODEX 헬스케어,디앤디파마텍,1.39
266420,KODEX 헬스케어,한미사이언스,1.38
266420,KODEX 헬스케어,보로노이,1.38
266420,KODEX 헬스케어,네이처셀,1.12
266420,KODEX 헬스케어,오스코텍,1.07
266420,KODEX 헬스케어,에스티팜,1.06
266420,KODEX 헬스케어,엘앤씨바이오,1.04
266420,KODEX 헬스케어,씨젠,0.91
266420,KODEX 헬스케어,휴젤,0.88
266420,KODEX 헬스케어,SK바이오사이언스,0.84
266420,KODEX 헬스케어,클래시스,0.78
266420,KODEX 헬스케어,스피어,0.77
266420,KODEX 헬스케어,큐리옥스바이오시스템즈,0.74
266420,KODEX 헬스케어,제이에스링크,0.72
266420,KODEX 헬스케어,큐리언트,0.69
266420,KODEX 헬스케어,셀트리온제약,0.68
266420,KODEX 헬스케어,씨어스,0.65
266420,KODEX 헬스케어,에임드바이오,0.62
266420,KODEX 헬스케어,녹십자,0.61
266420,KODEX 헬스케어,루닛,0.6
266420,KODEX 헬스케어,파미셀,0.6
266420,KODEX 헬스케어,케어젠,0.59
266420,KODEX 헬스케어,알지노믹스,0.56
266420,KODEX 헬스케어,HK이노엔,0.52
266420,KODEX 헬스케어,차바이오텍,0.5
266420,KODEX 헬스케어,리브스메드,0.5
266420,KODEX 헬스케어,동국제약,0.49
266420,KODEX 헬스케어,지투지바이오,0.48
266420,KODEX 헬스케어,종근당,0.46
266420,KODEX 헬스케어,대웅제약,0.44
266420,KODEX 헬스케어,오름테라퓨틱,0.34
266420,KODEX 헬스케어,에이프릴바이오,0.33
266420,KODEX 헬스케어,로킷헬스케어,0.33
211560,TIGER 배당성장,DB손해보험,5.62
211560,TIGER 배당성장,삼성카드,4.57
211560,TIGER 배당성장,JB금융지주,4.52
211560,TIGER 배당성장,BNK금융지주,3.62
211560,TIGER 배당성장,다우기술,3.6
211560,TIGER 배당성장,iM금융지주,3.48
211560,TIGER 배당성장,하나금융지주,3.45
211560,TIGER 배당성장,SK가스,3.35
211560,TIGER 배당성장,오리온홀딩스,3.31
211560,TIGER 배당성장,KT,3.27
211560,TIGER 배당성장,삼성화재,3.22
211560,TIGER 배당성장,NH투자증권,3.02
211560,TIGER 배당성장,KT&G,2.9
211560,TIGER 배당성장,한국타이어앤테크놀로지,2.88
211560,TIGER 배당성장,KB금융,2.81
211560,TIGER 배당성장,대신증권,2.74
211560,TIGER 배당성장,기아,2.74
211560,TIGER 배당성장,신한지주,2.65
211560,TIGER 배당성장,LG,2.63
211560,TIGER 배당성장,한국단자,2.51
211560,TIGER 배당성장,한국금융지주,2.44
211560,TIGER 배당성장,삼성증권,2.3
211560,TIGER 배당성장,포스코인터내셔널,2.23
211560,TIGER 배당성장,오뚜기,2.18
211560,TIGER 배당성장,코웨이,2.17
211560,TIGER 배당성장,유니드,1.91
211560,TIGER 배당성장,키움증권,1.91
211560,TIGER 배당성장,현대지에프홀딩스,1.81
211560,TIGER 배당성장,오리온,1.76
211560,TIGER 배당성장,삼성에스디에스,1.55
211560,TIGER 배당성장,삼성생명,1.23
211560,TIGER 배당성장,CJ,1.17
211560,TIGER 배당성장,아모레퍼시픽,1.08
211560,TIGER 배당성장,NAVER,1.01
211560,TIGER 배당성장,경동나비엔,0.84
211560,TIGER 배당성장,현대차,0.84
211560,TIGER 배당성장,한솔케미칼,0.72
211560,TIGER 배당성장,현대모비스,0.71
211560,TIGER 배당성장,LG전자,0.63
211560,TIGER 배당성장,유한양행,0.62
211560,TIGER 배당성장,삼성물산,0.54
211560,TIGER 배당성장,종근당,0.52
211560,TIGER 배당성장,한미약품,0.49
211560,TIGER 배당성장,LS,0.35
211560,TIGER 배당성장,삼양식품,0.35
211560,TIGER 배당성장,LIG디펜스앤에어로스페이스,0.3
211560,TIGER 배당성장,한국항공우주,0.26
211560,TIGER 배당성장,미래에셋증권,0.24
211560,TIGER 배당성장,한미반도체,0.18
211560,TIGER 배당성장,현대오토에버,0.15
211560,TIGER 배당성장,원화현금,0.65
434960,DAISHIN K200,삼성전자,34.18
434960,DAISHIN K200,SK하이닉스,27.81
434960,DAISHIN K200,SK스퀘어,2.81
434960,DAISHIN K200,삼성전기,2.32
434960,DAISHIN K200,KB금융,1.35
434960,DAISHIN K200,현대차,1.25
434960,DAISHIN K200,신한지주,1.13
434960,DAISHIN K200,두산에너빌리티,0.93
434960,DAISHIN K200,한화에어로스페이스,0.93
434960,DAISHIN K200,삼성물산,0.88
434960,DAISHIN K200,하나금융지주,0.85
434960,DAISHIN K200,삼성SDI,0.85
434960,DAISHIN K200,셀트리온,0.76
434960,DAISHIN K200,기아,0.73
434960,DAISHIN K200,NAVER,0.68
434960,DAISHIN K200,삼성생명,0.65
434960,DAISHIN K200,LG전자,0.62
434960,DAISHIN K200,현대모비스,0.62
434960,DAISHIN K200,우리금융지주,0.59
434960,DAISHIN K200,POSCO홀딩스,0.56
434960,DAISHIN K200,SK,0.56
434960,DAISHIN K200,LG에너지솔루션,0.49
434960,DAISHIN K200,삼성화재,0.49
434960,DAISHIN K200,LS ELECTRIC,0.44
434960,DAISHIN K200,KT&G,0.42
434960,DAISHIN K200,HD현대일렉트릭,0.41
434960,DAISHIN K200,HD한국조선해양,0.4
434960,DAISHIN K200,HD현대중공업,0.37
434960,DAISHIN K200,삼성바이오로직스,0.36
434960,DAISHIN K200,삼성중공업,0.35
434960,DAISHIN K200,SK텔레콤,0.35
434960,DAISHIN K200,효성중공업,0.35
434960,DAISHIN K200,LG화학,0.32
434960,DAISHIN K200,SK이노베이션,0.31
434960,DAISHIN K200,카카오,0.3
434960,DAISHIN K200,KT,0.3
434960,DAISHIN K200,한미반도체,0.3
434960,DAISHIN K200,한화오션,0.28
434960,DAISHIN K200,LIG디펜스앤에어로스페이스,0.27
434960,DAISHIN K200,LG,0.26
434960,DAISHIN K200,한국전력,0.25
434960,DAISHIN K200,메리츠금융지주,0.25
434960,DAISHIN K200,한국항공우주,0.25
434960,DAISHIN K200,HD현대,0.24
434960,DAISHIN K200,에이피알,0.24
434960,DAISHIN K200,두산,0.24
434960,DAISHIN K200,현대로템,0.23
434960,DAISHIN K200,미래에셋증권,0.22
434960,DAISHIN K200,현대건설,0.22
434960,DAISHIN K200,삼성에스디에스,0.22
434960,DAISHIN K200,대한항공,0.21
434960,DAISHIN K200,LG이노텍,0.21
434960,DAISHIN K200,고려아연,0.21
434960,DAISHIN K200,삼성E&A,0.2
434960,DAISHIN K200,한국금융지주,0.2
434960,DAISHIN K200,DB손해보험,0.2
434960,DAISHIN K200,현대글로비스,0.2
434960,DAISHIN K200,S-Oil,0.19
434960,DAISHIN K200,카카오뱅크,0.18
434960,DAISHIN K200,HMM,0.18
434960,DAISHIN K200,이수페타시스,0.18
434960,DAISHIN K200,포스코퓨처엠,0.18
434960,DAISHIN K200,한진칼,0.16
434960,DAISHIN K200,기업은행,0.15
434960,DAISHIN K200,한화시스템,0.15
434960,DAISHIN K200,삼성증권,0.15
434960,DAISHIN K200,코웨이,0.15
434960,DAISHIN K200,크래프톤,0.15
434960,DAISHIN K200,한화솔루션,0.14
434960,DAISHIN K200,GS,0.13
434960,DAISHIN K200,LS,0.13
434960,DAISHIN K200,삼양식품,0.13
434960,DAISHIN K200,JB금융지주,0.12
434960,DAISHIN K200,유한양행,0.12
434960,DAISHIN K200,HD현대마린솔루션,0.12
434960,DAISHIN K200,LG유플러스,0.11
434960,DAISHIN K200,BNK금융지주,0.11
434960,DAISHIN K200,NH투자증권,0.11
434960,DAISHIN K200,한국타이어앤테크놀로지,0.11
434960,DAISHIN K200,아모레퍼시픽,0.11
434960,DAISHIN K200,DB하이텍,0.11
434960,DAISHIN K200,NC,0.11
434960,DAISHIN K200,키움증권,0.11
434960,DAISHIN K200,대한전선,0.1
434960,DAISHIN K200,하이브,0.1
434960,DAISHIN K200,산일전기,0.1
434960,DAISHIN K200,대우건설,0.09
434960,DAISHIN K200,LG씨엔에스,0.09
434960,DAISHIN K200,엘앤에프,0.09
434960,DAISHIN K200,HD건설기계,0.09
434960,DAISHIN K200,두산밥캣,0.08
434960,DAISHIN K200,SK바이오팜,0.08
434960,DAISHIN K200,OCI홀딩스,0.08
434960,DAISHIN K200,한미약품,0.08
434960,DAISHIN K200,LG디스플레이,0.07
434960,DAISHIN K200,iM금융지주,0.07
434960,DAISHIN K200,현대제철,0.07
434960,DAISHIN K200,현대해상,0.07
434960,DAISHIN K200,한화엔진,0.07
434960,DAISHIN K200,포스코인터내셔널,0.07
434960,DAISHIN K200,SKC,0.07
434960,DAISHIN K200,한화,0.07
434960,DAISHIN K200,한솔케미칼,0.07
434960,DAISHIN K200,LG생활건강,0.07
434960,DAISHIN K200,현대오토에버,0.07
434960,DAISHIN K200,두산로보틱스,0.06
434960,DAISHIN K200,DL이앤씨,0.06
434960,DAISHIN K200,오리온,0.06
434960,DAISHIN K200,한전기술,0.06
434960,DAISHIN K200,한국콜마,0.06
434960,DAISHIN K200,코스맥스,0.06
434960,DAISHIN K200,한화생명,0.05
434960,DAISHIN K200,현대엘리베이터,0.05
434960,DAISHIN K200,에스원,0.05
434960,DAISHIN K200,금호석유화학,0.05
434960,DAISHIN K200,CJ,0.05
434960,DAISHIN K200,달바글로벌,0.05
434960,DAISHIN K200,신세계,0.05
434960,DAISHIN K200,삼성에피스홀딩스,0.05
434960,DAISHIN K200,KCC,0.05
434960,DAISHIN K200,한온시스템,0.04
434960,DAISHIN K200,팬오션,0.04
434960,DAISHIN K200,강원랜드,0.04
434960,DAISHIN K200,에코프로머티,0.04
434960,DAISHIN K200,한국가스공사,0.04
434960,DAISHIN K200,카카오페이,0.04
434960,DAISHIN K200,한올바이오파마,0.04
434960,DAISHIN K200,HL만도,0.04
434960,DAISHIN K200,한미사이언스,0.04
434960,DAISHIN K200,씨에스윈드,0.04
434960,DAISHIN K200,영원무역,0.04
434960,DAISHIN K200,이수스페셜티케미컬,0.04
434960,DAISHIN K200,이마트,0.04
434960,DAISHIN K200,풍산,0.04
434960,DAISHIN K200,CJ제일제당,0.04
434960,DAISHIN K200,농심,0.04
434960,DAISHIN K200,제일기획,0.03
434960,DAISHIN K200,포스코DX,0.03
434960,DAISHIN K200,넷마블,0.03
434960,DAISHIN K200,미스토홀딩스,0.03
434960,DAISHIN K200,호텔신라,0.03
434960,DAISHIN K200,삼성카드,0.03
434960,DAISHIN K200,SK바이오사이언스,0.03
434960,DAISHIN K200,한전KPS,0.03
434960,DAISHIN K200,HD현대마린엔진,0.03
434960,DAISHIN K200,DN오토모티브,0.03
434960,DAISHIN K200,코오롱인더,0.03
434960,DAISHIN K200,롯데케미칼,0.03
434960,DAISHIN K200,F&F,0.03
434960,DAISHIN K200,현대백화점,0.03
434960,DAISHIN K200,롯데쇼핑,0.03
434960,DAISHIN K200,BGF리테일,0.03
434960,DAISHIN K200,금호타이어,0.02
434960,DAISHIN K200,후성,0.02
434960,DAISHIN K200,SK아이이테크놀로지,0.02
434960,DAISHIN K200,GS리테일,0.02
434960,DAISHIN K200,한국카본,0.02
434960,DAISHIN K200,동서,0.02
434960,DAISHIN K200,롯데지주,0.02
434960,DAISHIN K200,아모레퍼시픽홀딩스,0.02
434960,DAISHIN K200,한국앤컴퍼니,0.02
434960,DAISHIN K200,에스엘,0.02
434960,DAISHIN K200,현대위아,0.02
434960,DAISHIN K200,롯데정밀화학,0.02
434960,DAISHIN K200,CJ대한통운,0.02
434960,DAISHIN K200,더블유게임즈,0.02
434960,DAISHIN K200,녹십자,0.02
434960,DAISHIN K200,영원무역홀딩스,0.02
434960,DAISHIN K200,효성티앤씨,0.02
434960,DAISHIN K200,파라다이스,0.01
434960,DAISHIN K200,에스디바이오센서,0.01
434960,DAISHIN K200,하이트진로,0.01
434960,DAISHIN K200,코스모화학,0.01
434960,DAISHIN K200,TKG휴켐스,0.01
434960,DAISHIN K200,한일시멘트,0.01
434960,DAISHIN K200,오리온홀딩스,0.01
434960,DAISHIN K200,대상,0.01
434960,DAISHIN K200,대웅,0.01
434960,DAISHIN K200,세아베스틸지주,0.01
434960,DAISHIN K200,DL,0.01
434960,DAISHIN K200,동원산업,0.01
434960,DAISHIN K200,SK케미칼,0.01
434960,DAISHIN K200,종근당,0.01
434960,DAISHIN K200,한샘,0.01
434960,DAISHIN K200,대웅제약,0.01
434960,DAISHIN K200,영풍,0.01
434960,DAISHIN K200,OCI,0.01
434960,DAISHIN K200,대한유화,0.01
434960,DAISHIN K200,롯데칠성,0.01
434960,DAISHIN K200,롯데웰푸드,0.01
434960,DAISHIN K200,지역난방공사,0.01
434960,DAISHIN K200,HS효성첨단소재,0.01
434960,DAISHIN K200,오뚜기,0.01
434960,DAISHIN K200,원화현금,0.55
